Register, 1st Pronouns, 2nd Pronouns, 3rd Pronouns,,Average,1st,2nd,3rd
HI,10.26392962,48.38709677,0,,HI,5252.883553,8977.539006,2071.374124
HI,7.694314032,13.95409494,5.607720396,,ID,18728.65358,23146.43241,9228.903219
HI,652.173913,1228.26087,478.2608696,,IN,14399.67009,13377.3081,11803.81916
HI,36.03294441,62.11393274,25.73781743,,IP,38481.97968,32937.14794,42335.89159
HI,142.0911528,281.5013405,108.5790885,,LY,84970.18055,70425.72936,78637.58319
HI,56.65204678,93.20175439,40.57017544,,NA,54886.40112,42869.63539,47427.66761
HI,417.4311927,614.6788991,261.4678899,,OP,52595.19948,37262.50321,42838.07703
HI,307.4324324,503.3783784,194.2567568,,SP,44860.17917,28868.16707,32006.12271
HI,808.8888889,1364.444444,511.1111111,,,,,
HI,879.2270531,1487.922705,565.2173913,,,,,
HI,1378.787879,2386.363636,893.9393939,,,,,
HI,222.4852071,408.2840237,142.0118343,,,,,
HI,1417.910448,2641.791045,910.4477612,,,,,
HI,123.8437821,207.0914697,70.4008222,,,,,
HI,1294.736842,2147.368421,726.3157895,,,,,
HI,251.9607843,423.5294118,136.2745098,,,,,
HI,548.3193277,928.5714286,292.0168067,,,,,
HI,1224.299065,2102.803738,654.2056075,,,,,
HI,168.2668014,261.243052,72.76402223,,,,,
HI,714.8760331,1099.173554,311.9834711,,,,,
HI,873.7373737,1396.464646,383.8383838,,,,,
HI,651.5426497,1058.076225,281.3067151,,,,,
HI,462.5935162,759.3516209,198.2543641,,,,,
HI,723.4042553,1259.187621,309.4777563,,,,,
HI,317.5675676,603.8851351,151.1824324,,,,,
HI,1075.630252,2019.607843,504.2016807,,,,,
HI,289.3772894,597.0695971,173.6263736,,,,,
HI,117.388437,211.4750495,54.7373049,,,,,
HI,887.6033058,1666.115702,419.8347107,,,,,
HI,1459.677419,2717.741935,685.483871,,,,,
HI,151.0048886,329.1689299,83.10700706,,,,,
HI,377.6271186,868.4745763,223.0508475,,,,,
HI,1285.714286,2979.262673,762.6728111,,,,,
HI,4043.478261,9391.304348,2398.550725,,,,,
HI,832.8358209,1935.820896,505.9701493,,,,,
HI,609.7826087,1446.73913,391.3043478,,,,,
HI,754.3624161,1856.375839,497.9865772,,,,,
HI,1315.420561,3250,869.1588785,,,,,
HI,185.1364683,535.6790529,129.8914831,,,,,
HI,1156.057495,3347.022587,815.1950719,,,,,
HI,74.63414634,107.5880759,33.33333333,,,,,
HI,8512.345679,12283.95062,3796.296296,,,,,
HI,2930.526316,4202.105263,1294.736842,,,,,
HI,2276.972625,3246.376812,991.9484702,,,,,
HI,1460.381143,2051.15346,621.8655968,,,,,
HI,3880.636605,5490.71618,1644.562334,,,,,
HI,4532.50774,6504.643963,1919.504644,,,,,
HI,4194.842407,6063.037249,1776.504298,,,,,
HI,2126.086957,3098.550725,898.5507246,,,,,
HI,3704.545455,5424.242424,1565.656566,,,,,
HI,288.6889888,378.1442612,106.7799434,,,,,
HI,10924.5283,14301.88679,4037.735849,,,,,
HI,3079.365079,4040.564374,1135.802469,,,,,
HI,7493.562232,9858.369099,2763.948498,,,,,
HI,1419.56346,1902.991108,531.1236863,,,,,
HI,7382.352941,10004.20168,2760.504202,,,,,
HI,3701.052632,5031.578947,1383.157895,,,,,
HI,5263.473054,7209.580838,1970.05988,,,,,
HI,4519.280206,6239.07455,1701.799486,,,,,
HI,1735.700197,2428.994083,653.8461538,,,,,
HI,10358.82353,14535.29412,3905.882353,,,,,
HI,4338.235294,6068.627451,1637.254902,,,,,
HI,10411.76471,14611.76471,3929.411765,,,,,
HI,2184.501845,3066.420664,825.3382534,,,,,
HI,4795.148248,6727.762803,1808.625337,,,,,
HI,14346.77419,20129.03226,5411.290323,,,,,
HI,2743.865031,3860.429448,1036.809816,,,,,
HI,578.7723012,782.582401,209.5554884,,,,,
HI,3206.666667,4355,1155,,,,,
HI,8551.111111,11622.22222,3080,,,,,
HI,1324.029952,1807.35194,473.1109598,,,,,
HI,2738.095238,3729.691877,973.3893557,,,,,
HI,7161.172161,9769.230769,2545.787546,,,,,
HI,3431.064572,4670.157068,1212.914485,,,,,
HI,20914.89362,28489.3617,7393.617021,,,,,
HI,2425.245098,3363.970588,852.9411765,,,,,
HI,2194.905869,3119.601329,779.6234773,,,,,
HI,10010.10101,14272.72727,3555.555556,,,,,
HI,9528.846154,13600.96154,3394.230769,,,,,
HI,3270.181219,4734.76112,1168.039539,,,,,
HI,2639.257294,3823.607427,957.5596817,,,,,
HI,6300.632911,9208.860759,2284.810127,,,,,
HI,4088.114754,6026.639344,1526.639344,,,,,
HI,3429.553265,5128.865979,1293.814433,,,,,
HI,513.5619243,776.3561924,197.0317298,,,,,
HI,343.3503836,511.668798,129.7953964,,,,,
HI,3607.023411,5389.632107,1359.531773,,,,,
HI,3584.158416,5331.683168,1343.234323,,,,,
HI,1202.650469,1853.119823,455.5494202,,,,,
HI,5379.310345,8275.862069,2032.019704,,,,,
HI,11321.24352,17487.04663,4274.611399,,,,,
HI,2235.173824,3496.932515,849.6932515,,,,,
HI,2855.280313,4483.702738,1089.960887,,,,,
HI,16976.74419,26689.92248,6496.124031,,,,,
HI,6466.076696,10191.74041,2471.976401,,,,,
HI,2243.877551,3554.081633,856.122449,,,,,
HI,5339.805825,8512.135922,2048.543689,,,,,
HI,4324.165029,6911.591356,1660.117878,,,,,
HI,2837.595908,4506.393862,1090.792839,,,,,
HI,2329.842932,3756.020942,895.2879581,,,,,
HI,559.4071841,948.5054007,224.5666918,,,,,
HI,16382.35294,27794.11765,6595.588235,,,,,
HI,2141.074856,3648.752399,862.7639155,,,,,
HI,1403.225806,2387.717122,565.7568238,,,,,
HI,3611.111111,6142.857143,1473.015873,,,,,
HI,10618.60465,18060.46512,4320.930233,,,,,
HI,16955.55556,28770.37037,6888.888889,,,,,
HI,304.1676533,492.3040493,114.7288657,,,,,
HI,7623.145401,12353.11573,2875.37092,,,,,
HI,2819.078947,4650.219298,1065.789474,,,,,
HI,15587.87879,25715.15152,5903.030303,,,,,
HI,26020.20202,42868.68687,9838.383838,,,,,
HI,10345.38153,17100.40161,3911.646586,,,,,
HI,1602.237415,2700.435053,608.4524549,,,,,
HI,2077.901431,3531.796502,782.1939587,,,,,
HI,16459.1195,27974.84277,6188.679245,,,,,
HI,4250.803859,7163.987138,1583.601286,,,,,
HI,6894.056848,11532.29974,2550.387597,,,,,
HI,4895.412844,8236.697248,1811.009174,,,,,
HI,3488.888889,5943.79085,1290.196078,,,,,
HI,6772.727273,11570.70707,2494.949495,,,,,
HI,780.9905525,1326.36702,287.4320069,,,,,
HI,1576.280944,2723.661485,580.8865861,,,,,
HI,3447.236181,5983.668342,1277.638191,,,,,
HI,6140.939597,10682.32662,2275.167785,,,,,
HI,3373.626374,5876.678877,1245.421245,,,,,
HI,2364.795918,4119.047619,872.4489796,,,,,
HI,900.4438808,1551.997464,331.6423589,,,,,
HI,2389.588581,4149.45424,885.8102435,,,,,
HI,5694,9932,2114,,,,,
HI,12012.65823,21000,4459.915612,,,,,
HI,13820.38835,24160.19417,5131.067961,,,,,
HI,12653.33333,22186.66667,4697.777778,,,,,
HI,2742.774566,4859.344894,1021.194605,,,,,
HI,4545.454545,8084.529506,1693.779904,,,,,
HI,7916.666667,14086.11111,2950,,,,,
HI,5503.861004,9816.602317,2052.123552,,,,,
HI,3760.416667,6630.208333,1388.020833,,,,,
HI,3492.140266,6194.679565,1293.833132,,,,,
HI,3845.539281,6889.480692,1428.761651,,,,,
HI,10980.98859,19726.23574,4083.65019,,,,,
HI,3024.896266,5414.937759,1115.145228,,,,,
HI,5503.773585,9888.679245,2035.849057,,,,,
HI,2307.99373,4125.39185,847.1786834,,,,,
HI,3476.580796,6177.985948,1269.320843,,,,,
HI,3397.025172,6089.244851,1258.581236,,,,,
HI,39065.78947,70065.78947,14473.68421,,,,,
HI,2575.389948,4686.308492,956.6724437,,,,,
HI,22014.81481,40081.48148,8185.185185,,,,,
HI,10546.09929,19241.13475,3921.985816,,,,,
HI,4851.549755,8911.908646,1835.236542,,,,,
HI,3928.665786,7298.546896,1486.129458,,,,,
HI,3757.575758,7021.464646,1424.242424,,,,,
HI,12565.40084,23493.67089,4763.71308,,,,,
HI,1455.769231,2705.288462,543.75,,,,,
HI,3403.351955,6299.441341,1289.385475,,,,,
HI,13908.6758,25767.12329,5269.406393,,,,,
HI,1891.975309,3490.123457,741.9753086,,,,,
HI,24325.39683,44968.25397,9539.68254,,,,,
HI,5397.887324,10012.32394,2126.760563,,,,,
HI,4211.538462,7875,1660.714286,,,,,
HI,1038.253216,1975.287745,416.0460393,,,,,
HI,4201.369863,8078.082192,1686.30137,,,,,
HI,1955.442393,3781.667728,783.5773393,,,,,
HI,10108.55263,19592.10526,4049.342105,,,,,
HI,23135.33835,44819.54887,9255.639098,,,,,
HI,1225.959636,2370.399683,494.6576969,,,,,
HI,9591.331269,18582.04334,3869.96904,,,,,
HI,698.6531987,1279.250842,274.2003367,,,,,
HI,3724.637681,6782.608696,1455.964326,,,,,
HI,11889.67972,21676.15658,4647.686833,,,,,
HI,4081.607795,7461.632156,1599.269184,,,,,
HI,6125.68306,11169.39891,2409.836066,,,,,
HI,20381.81818,37254.54545,8018.181818,,,,,
HI,994.1297329,1814.49956,420.3111242,,,,,
HI,6150.635209,11277.67695,2602.540835,,,,,
HI,6768.463074,12463.07385,2876.247505,,,,,
HI,3995.288575,7394.581861,1699.646643,,,,,
HI,25125.92593,46518.51852,10688.88889,,,,,
HI,1749.359303,3294.720656,744.746284,,,,,
HI,4225.247525,7988.861386,1798.267327,,,,,
HI,11868.05556,22451.38889,5045.138889,,,,,
HI,8809.278351,16716.49485,3750,,,,,
HI,1512.809379,2856.708641,644.3768997,,,,,
HI,5103.953148,9667.642753,2188.872621,,,,,
HI,7314.465409,13876.31027,3157.232704,,,,,
HI,6006.884682,11432.01377,2593.803787,,,,,
HI,1870.813397,3554.492291,807.0175439,,,,,
HI,29830.50847,56745.76271,12864.40678,,,,,
HI,10244.18605,19520.34884,4415.697674,,,,,
HI,3533.26713,6697.120159,1509.433962,,,,,
HI,9133.333333,17325.64103,3897.435897,,,,,
HI,16122.17195,30592.76018,6877.828054,,,,,
HI,3285.188592,6246.550138,1407.543698,,,,,
HI,6509.090909,12407.27273,2790.909091,,,,,
HI,1864.203954,3557.752341,805.9313215,,,,,
HI,6934.362934,13216.21622,2996.138996,,,,,
HI,2365.821962,4456.140351,1011.046134,,,,,
HI,5962.356792,11292.96236,2549.918167,,,,,
HI,4507.99508,8505.535055,1916.359164,,,,,
ID,2041.231446,3821.880154,861.4623419,,,,,
ID,3662.414132,6833.169774,1565.260059,,,,,
ID,17063.92694,31799.08676,7305.936073,,,,,
ID,3720.472441,6857.283465,1613.188976,,,,,
ID,15079.68127,27816.73307,6529.880478,,,,,
ID,6693.661972,12320.42254,2896.126761,,,,,
ID,5294.198895,9674.033149,2272.099448,,,,,
ID,5190.860215,9420.698925,2211.021505,,,,,
ID,12509.67742,22622.58065,5322.580645,,,,,
ID,8360.515021,15051.50215,3560.085837,,,,,
ID,38594.05941,69445.54455,16435.64356,,,,,
ID,1776.42825,3162.393162,792.1727395,,,,,
ID,8521.551724,15150.86207,3827.586207,,,,,
ID,2187.398153,3847.908745,977.1863118,,,,,
ID,41515.46392,73030.92784,18567.01031,,,,,
ID,5307.591623,9290.575916,2373.036649,,,,,
ID,4218.65285,7379.274611,1883.937824,,,,,
ID,15148.69888,26494.42379,6758.364312,,,,,
ID,2586.07831,4438.160348,1136.109385,,,,,
ID,57068.49315,97863.0137,25041.09589,,,,,
ID,9084.598698,15501.0846,3993.492408,,,,,
ID,16271.31783,27697.67442,7139.534884,,,,,
ID,9073.275862,15413.7931,3980.603448,,,,,
ID,2741.4791,4611.575563,1190.353698,,,,,
ID,875.2945797,1427.926159,396.8970935,,,,,
ID,9271.784232,15130.70539,4201.244813,,,,,
ID,1267.93075,2015.114042,566.9139874,,,,,
ID,4477.011494,7066.091954,2040.229885,,,,,
ID,3601.361573,5591.527988,1627.836611,,,,,
ID,2142.984808,3326.184093,967.3815907,,,,,
ID,9018.726592,13943.82022,4058.052434,,,,,
ID,21431.11111,33093.33333,9653.333333,,,,,
ID,44247.70642,68339.44954,19935.77982,,,,,
ID,8158.249158,12560.60606,3693.602694,,,,,
ID,15680.64516,24093.54839,7077.419355,,,,,
ID,3566.423358,5473.722628,1609.489051,,,,,
ID,7548.387097,11522.27343,3400.921659,,,,,
ID,2920.560748,4405.373832,1342.873832,,,,,
ID,13015.58442,19612.98701,5976.623377,,,,,
ID,35288.73239,53176.05634,16246.47887,,,,,
ID,5107.178969,7655.20728,2345.803842,,,,,
ID,18307.97101,27467.3913,8405.797101,,,,,
ID,27345.94595,40989.18919,12583.78378,,,,,
ID,2007.754944,2963.164017,909.654905,,,,,
ID,10619.6319,15640.0818,4807.770961,,,,,
ID,13264.63104,19473.28244,5982.188295,,,,,
ID,11100,16285.10638,5044.680851,,,,,
ID,3312.617702,4809.165097,1536.723164,,,,,
ID,4035.714286,5822.18845,1872.340426,,,,,
ID,2655.13834,3807.312253,1242.588933,,,,,
ID,13953.36788,19994.81865,6515.544041,,,,,
ID,15541.78674,22262.24784,7256.48415,,,,,
ID,29183.78378,41794.59459,13616.21622,,,,,
ID,4652.39726,6648.972603,2193.493151,,,,,
ID,9009.884679,12813.83855,4228.995058,,,,,
ID,1625.990026,2286.007627,770.313875,,,,,
ID,4687.866109,6537.238494,2204.1841,,,,,
ID,4978.817299,6929.390997,2338.923213,,,,,
ID,32813.95349,45651.16279,15412.7907,,,,,
ID,8366.863905,11642.01183,3928.994083,,,,,
ID,9106.109325,12672.02572,4286.173633,,,,,
ID,33732.14286,46964.28571,15875,,,,,
ID,25235.55556,35106.66667,11857.77778,,,,,
ID,7029.593095,9759.556104,3289.765721,,,,,
ID,9209.677419,12774.19355,4330.645161,,,,,
ID,34427.71084,47716.86747,16180.72289,,,,,
ID,7647.058824,10593.58289,3592.245989,,,,,
ID,4863.175676,6712.837838,2299.831081,,,,,
ID,4210.297317,5792.603336,1981.145758,,,,,
ID,6637.400228,9110.604333,3131.128848,,,,,
ID,17495.4955,23996.997,8246.246246,,,,,
ID,14987.14653,20547.55784,7066.838046,,,,,
ID,38642.38411,52953.64238,18264.90066,,,,,
ID,21594.09594,29531.36531,10191.88192,,,,,
ID,54719.62617,74794.39252,25813.08411,,,,,
ID,7811.170213,10647.60638,3712.765957,,,,,
ID,4659.323367,6311.565696,2232.88749,,,,,
ID,805.5481104,1079.201287,426.0251943,,,,,
ID,8121.45749,10887.9892,4311.740891,,,,,
ID,80266.66667,107573.3333,42600,,,,,
ID,11630.76923,15557.69231,6146.153846,,,,,
ID,8878.832117,11817.51825,4671.532847,,,,,
ID,924.996352,1191.886765,475.8499927,,,,,
ID,5062.898089,6519.10828,2631.369427,,,,,
ID,32309.64467,41573.60406,16776.64975,,,,,
ID,15338.94231,19706.73077,7959.134615,,,,,
ID,23518.38235,30147.05882,12183.82353,,,,,
ID,21279.06977,27242.52492,11023.25581,,,,,
ID,6736.401674,8591.004184,3497.90795,,,,,
ID,1555.11257,1965.994371,790.3377111,,,,,
ID,11293.71817,14239.38879,5724.957555,,,,,
ID,11296.10829,14226.73435,5714.043993,,,,,
ID,60736.36364,76463.63636,30700,,,,,
ID,36939.22652,46480.66298,18679.55801,,,,,
ID,3894.887995,4848.937392,1951.177484,,,,,
ID,2580.232995,3185.644495,1320.180383,,,,,
ID,12883.89513,15876.40449,6588.014981,,,,,
ID,1810.237849,2219.75181,913.6504654,,,,,
ID,1855.042017,2272.058824,940.3886555,,,,,
ID,28760.1626,35199.18699,14597.56098,,,,,
ID,2713.961407,3297.38933,1365.115399,,,,,
ID,93168.83117,113181.8182,46857.14286,,,,,
ID,65254.54545,79227.27273,32809.09091,,,,,
ID,14878.09917,18010.33058,7506.198347,,,,,
ID,24617.74744,29754.26621,12402.73038,,,,,
ID,15531.1828,18769.89247,7843.010753,,,,,
ID,3897.161221,4692.019282,1962.506695,,,,,
ID,9112.359551,10945.06866,4589.263421,,,,,
ID,39901.63934,47961.74863,20087.43169,,,,,
ID,41737.14286,50154.28571,21017.14286,,,,,
ID,76894.73684,92452.63158,38715.78947,,,,,
ID,23720.77922,28603.8961,11951.2987,,,,,
ID,5658.179012,6849.537037,2878.08642,,,,,
ID,33990.74074,41097.22222,17305.55556,,,,,
ID,2898.797984,3480.806514,1457.153936,,,,,
ID,4322.690992,5144.811859,2147.662486,,,,,
ID,9660.305344,11535.62341,4815.521628,,,,,
ID,53104.8951,63405.59441,26475.52448,,,,,
ID,19874.67363,23681.46214,9887.72846,,,,,
ID,27344.08602,32523.29749,13573.4767,,,,,
ID,54899.28058,65294.96403,27251.79856,,,,,
ID,12835.29412,15290.7563,6369.747899,,,,,
ID,11173.21689,13248.9083,5528.384279,,,,,
ID,28591.07807,33862.45353,14133.829,,,,,
ID,7161.710037,8469.330855,3546.468401,,,,,
ID,8198.5138,9680.467091,4079.617834,,,,,
ID,1410.324172,1622.445384,697.1458774,,,,,
ID,26417.76316,30335.52632,13016.44737,,,,,
ID,6641.152263,7593.415638,3261.728395,,,,,
ID,14994.43414,17137.29128,7359.925788,,,,,
ID,9811.594203,11157.00483,4791.062802,,,,,
ID,3925.394548,4446.676231,1904.351985,,,,,
ID,10146.73243,11488.28607,4914.919852,,,,,
ID,2629.385965,2924.81203,1273.496241,,,,,
ID,83960,93380,40660,,,,,
ID,16688.49206,18573.4127,8071.428571,,,,,
ID,67862.90323,75532.25806,32806.45161,,,,,
ID,4005.671078,4481.568998,1929.584121,,,,,
ID,6191.889935,6872.556119,3015.206372,,,,,
ID,13400,14834.375,6537.5,,,,,
ID,55000,60878.20513,26833.33333,,,,,
ID,49889.53488,55215.11628,24348.83721,,,,,
ID,2149.231895,2352.353085,1047.549378,,,,,
ID,11413.97154,12485.1229,5557.567917,,,,,
ID,30564.01384,33415.22491,14892.73356,,,,,
ID,12982.40469,14197.94721,6324.046921,,,,,
ID,5058.4563,5497.729852,2502.837684,,,,,
ID,2405.808686,2619.237943,1191.580069,,,,,
ID,5154.370034,5590.238365,2541.430193,,,,,
ID,22237.16381,24097.79951,10948.65526,,,,,
ID,81321.42857,88008.92857,39982.14286,,,,,
ID,12495.89041,13506.84932,6190.410959,,,,,
ID,37261.22449,40257.14286,18555.10204,,,,,
ID,14385.22013,15511.00629,7179.245283,,,,,
ID,3775.635767,4047.169811,1908.941756,,,,,
ID,13879.69925,14848.1203,7010.526316,,,,,
ID,10756.69383,11500.58207,5459.83702,,,,,
ID,34748.1203,37172.93233,17635.33835,,,,,
ID,66042.85714,70628.57143,33507.14286,,,,,
ID,59664.51613,63870.96774,30264.51613,,,,,
ID,12986.01399,13858.74126,6574.825175,,,,,
ID,17179.2976,18316.08133,8737.523105,,,,,
ID,7893.581081,8379.222973,4010.97973,,,,,
ID,32720.27972,34702.7972,16604.8951,,,,,
ID,40008.54701,42414.52991,20303.4188,,,,,
ID,3347.764372,3525.195174,1729.950319,,,,,
ID,12925.06812,13570.84469,6690.735695,,,,,
ID,3738.011696,3902.14425,1973.489279,,,,,
ID,67577.46479,70485.91549,35669.01408,,,,,
ID,8576.648841,8959.893048,4517.825312,,,,,
ID,5001.548787,5200.309757,2629.839959,,,,,
ID,7801.441153,8095.276221,4102.481986,,,,,
ID,10390.2439,10724.2842,5459.172853,,,,,
ID,22288.63636,22990.90909,11700,,,,,
ID,22071.91011,22750.5618,11573.03371,,,,,
ID,18073.3945,18596.33028,9456.880734,,,,,
ID,12756.12903,13094.19355,6665.806452,,,,,
ID,24129.26829,24756.09756,12602.43902,,,,,
ID,5509.65251,5606.177606,2863.761721,,,,,
ID,17852.04991,18135.47237,9269.16221,,,,,
ID,53598.93048,54406.41711,27828.87701,,,,,
ID,58308.13953,59168.60465,30296.51163,,,,,
ID,90387.38739,91711.71171,46963.96396,,,,,
ID,18422.01835,18744.95413,9566.972477,,,,,
ID,7576.807229,7695.03012,3927.710843,,,,,
ID,8103.614458,8210.441767,4196.787149,,,,,
ID,30134.32836,30546.26866,15597.01493,,,,,
ID,2910.49471,2945.381756,1501.286817,,,,,
ID,16053.54331,16264.56693,8283.464567,,,,,
ID,13978.14208,14121.5847,7199.453552,,,,,
ID,3960.596787,3994.644223,2023.718439,,,,,
ID,2789.066667,2799.2,1415.466667,,,,,
ID,3148.535565,3170.053796,1596.533174,,,,,
ID,72219.17808,72705.47945,36602.73973,,,,,
ID,2358.38537,2377.118644,1223.684211,,,,,
ID,3343.740244,3344.989073,1728.067437,,,,,
ID,11604.09924,11583.60302,5971.952535,,,,,
ID,50990.52133,50900.47393,26241.70616,,,,,
ID,58505.43478,58380.43478,30114.13043,,,,,
ID,4815.096025,4805.716838,2484.591335,,,,,
IN,34501.59744,34386.58147,17776.35783,,,,,
IN,2619.186047,2607.55814,1353.197674,,,,,
IN,3241.100808,3221.058929,1693.987436,,,,,
IN,10835,10768,5670,,,,,
IN,1430.286242,1420.393088,750.4287033,,,,,
IN,4619.250426,4586.456559,2432.708688,,,,,
IN,47156.52174,46821.73913,24873.91304,,,,,
IN,57391.53439,56984.12698,30269.84127,,,,,
IN,57391.53439,56984.12698,30301.5873,,,,,
IN,48208.88889,47866.66667,25480,,,,,
IN,20427.49529,20282.48588,10826.742,,,,,
IN,21448.6166,21292.49012,11363.63636,,,,,
IN,36789.83051,36522.0339,19545.76271,,,,,
IN,47186.95652,46843.47826,25086.95652,,,,,
IN,12378.13212,12274.48747,6580.865604,,,,,
IN,2768.721345,2745.287825,1481.406011,,,,,
IN,2944.248985,2916.91475,1585.656292,,,,,
IN,7150.459921,7083.442838,3902.759527,,,,,
IN,27765.30612,27505.10204,15163.26531,,,,,
IN,70225.80645,69567.74194,38380.64516,,,,,
IN,23986.78414,23753.30396,13123.34802,,,,,
IN,13188.86199,13055.69007,7225.181598,,,,,
IN,5951.445717,5886.524823,3283.687943,,,,,
IN,10277.77778,10160.07533,5692.090395,,,,,
IN,7088.311688,7012.987013,3935.714286,,,,,
IN,2166.203887,2142.00714,1209.639032,,,,,
IN,719.1453103,707.8717966,408.4027004,,,,,
IN,621.0609392,608.8280061,362.7600203,,,,,
IN,8780.079681,8605.577689,5160.159363,,,,,
IN,2685.811633,2629.836943,1614.991482,,,,,
IN,4198.934956,4111.829593,2531.380753,,,,,
IN,1182.235508,1154.051457,713.5689121,,,,,
IN,1845.743795,1800.932867,1119.773447,,,,,
IN,1838.208561,1787.638407,1131.21798,,,,,
IN,4023.448773,3904.401154,2494.588745,,,,,
IN,2370.433305,2298.853016,1494.265081,,,,,
IN,1761.356467,1707.097792,1112.302839,,,,,
IN,71127.38854,68936.30573,44929.93631,,,,,
IN,12984.88372,12584.88372,8246.511628,,,,,
IN,1561.418202,1510.887772,1016.471245,,,,,
IN,1197.538791,1158.373462,800.4280364,,,,,
IN,25261.85102,24437.92325,16909.70655,,,,,
IN,35302.83912,34151.41956,23640.37855,,,,,
IN,6004.828326,5807.939914,4021.459227,,,,,
IN,1812.884429,1752.347038,1216.251214,,,,,
IN,45901.63934,44377.04918,30819.67213,,,,,
IN,1240.349519,1197.876341,833.5361133,,,,,
IN,1811.793215,1749.596123,1220.678514,,,,,
IN,1496.610395,1440.2499,1022.730294,,,,,
IN,75060,72233.33333,51320,,,,,
IN,2131.101022,2050.321604,1465.001892,,,,,
IN,30694.82289,29531.33515,21111.71662,,,,,
IN,6152.292576,5915.938865,4251.091703,,,,,
IN,1790.092093,1721.022547,1274.055256,,,,,
IN,6028.877005,5796.256684,4292.513369,,,,,
IN,25917.24138,24926.43678,18457.47126,,,,,
IN,3186.98958,3056.322163,2276.82343,,,,,
IN,3591.558235,3444.303396,2567.756268,,,,,
IN,4070.812365,3902.588066,2965.132998,,,,,
IN,47191.66667,45237.5,34370.83333,,,,,
IN,1183.896104,1128.311688,861.5064935,,,,,
IN,25492.17002,24295.30201,18568.23266,,,,,
IN,1533.082808,1458.327741,1153.268018,,,,,
IN,694.4259113,659.4286407,524.5951356,,,,,
IN,1763.230769,1672.615385,1332.769231,,,,,
IN,2581.306306,2448.648649,1954.72973,,,,,
IN,46028.11245,43662.6506,34855.42169,,,,,
IN,3394.557823,3216.208222,2606.625259,,,,,
IN,2459.957173,2329.122056,1895.074946,,,,,
IN,70913.58025,67141.97531,54629.62963,,,,,
IN,51057.77778,48342.22222,39337.77778,,,,,
IN,5485.441527,5191.885442,4227.207637,,,,,
IN,1620.495495,1531.109234,1249.718468,,,,,
IN,6297.592998,5950.765864,4857.768053,,,,,
IN,1589.233954,1501.449275,1228.709455,,,,,
IN,25307.69231,23907.69231,19567.03297,,,,,
IN,6052.548607,5716.23752,4692.06516,,,,,
IN,1794.209215,1693.337484,1397.104608,,,,,
IN,4713.235294,4445.261438,3677.287582,,,,,
IN,4110.676157,3872.597865,3212.811388,,,,,
IN,2818.980239,2655.281776,2209.075384,,,,,
IN,18758.11688,17668.83117,14702.92208,,,,,
IN,26934.73193,25370.62937,21130.53613,,,,,
IN,9418.09291,8870.415648,7397.718011,,,,,
IN,53500,50388.88889,42037.03704,,,,,
IN,3236.643357,3044.475524,2540.979021,,,,,
IN,1091.011553,1024.138255,858.739551,,,,,
IN,5331.344654,5004.589261,4212.023864,,,,,
IN,2170.858953,2032.60667,1733.184274,,,,,
IN,6187.466808,5793.945831,4941.051514,,,,,
IN,54957.54717,51462.26415,43900.9434,,,,,
IN,5303.140646,4966.317706,4242.60355,,,,,
IN,7294.117647,6827.909887,5853.566959,,,,,
IN,847.1314712,784.806491,688.8059166,,,,,
IN,1142.484039,1057.361192,932.2886438,,,,,
IN,4836.609337,4476.658477,3965.192465,,,,,
IN,21319.49458,19732.85199,17489.16968,,,,,
IN,9909.395973,9171.14094,8128.355705,,,,,
IN,2054.432348,1891.308104,1693.79644,,,,,
IN,1622.986623,1493.993994,1340.840841,,,,,
IN,7401.991288,6813.939017,6123.210952,,,,,
IN,15489.58333,14263.02083,12813.80208,,,,,
IN,71245.50898,65592.81437,58976.0479,,,,,
IN,4522.234892,4163.435956,3747.624477,,,,,
IN,53354.26009,49121.07623,44255.60538,,,,,
IN,3306.944444,3042.777778,2752.777778,,,,,
IN,1399.788658,1287.072913,1168.721381,,,,,
IN,7464.665416,6856.785491,6263.289556,,,,,
IN,10281.65375,9443.583118,8636.520241,,,,,
IN,5379.72973,4938.738739,4521.621622,,,,,
IN,1146.504096,1044.770432,1005.143837,,,,,
IN,2246.1768,2047.370384,1980.417755,,,,,
IN,17816.56805,16239.64497,15713.01775,,,,,
IN,4654.054054,4238.610039,4108.494208,,,,,
IN,1500.87108,1366.102539,1326.903932,,,,,
IN,1559.881397,1417.68725,1417.300503,,,,,
IN,8132.392473,7391.129032,7394.489247,,,,,
IN,1466.795694,1330.954397,1353.211564,,,,,
IN,11290.50279,10244.87896,10416.20112,,,,,
IN,23424.71042,21241.31274,21602.3166,,,,,
IN,7636.87854,6924.480806,7064.820642,,,,,
IN,5741.493384,5199.905482,5316.635161,,,,,
IN,3503.891611,3172.095705,3254.251946,,,,,
IN,13027.8671,11794.21222,12100.75027,,,,,
IN,29579.07543,26781.0219,27476.88564,,,,,
IN,38716.56051,35054.14013,35964.96815,,,,,
IN,12625.1298,11429.90654,11734.16407,,,,,
IN,11614.13563,10512.89398,10792.74117,,,,,
IN,30101.48515,27245.0495,27970.29703,,,,,
IN,4943.158749,4468.940317,4589.118961,,,,,
IN,4378.320172,3954.055994,4068.557071,,,,,
IN,3124.423963,2820.276498,2908.602151,,,,,
IN,1703.151143,1535.973229,1590.490798,,,,,
IN,7946.103896,7153.246753,7433.766234,,,,,
IN,4944.668821,4449.11147,4639.741519,,,,,
IN,45513.01115,40951.67286,42706.3197,,,,,
IN,5946.090335,5350.169985,5582.807188,,,,,
IN,18992.24806,17082.17054,17840.31008,,,,,
IN,6631.010265,5952.458131,6229.06537,,,,,
IN,7577.160494,6801.234568,7143.209877,,,,,
IN,1901.915354,1703.429101,1816.187828,,,,,
IN,14572.78107,13052.07101,13936.09467,,,,,
IN,868.2491748,775.2651169,838.822951,,,,,
IN,9350.718065,8343.915344,9028.7226,,,,,
IN,1786.147186,1592.929293,1732.323232,,,,,
IN,4663.653484,4158.19209,4576.271186,,,,,
IN,1474.473402,1313.816494,1448.411282,,,,,
IN,1515.040799,1345.755694,1522.957009,,,,,
IN,41744.96644,37080.53691,41973.15436,,,,,
IN,5845.93706,5195.3969,5896.195397,,,,,
IN,9734.167318,8648.162627,9900.703675,,,,,
IN,1607.529654,1426.121712,1634.863332,,,,,
IN,13131.57895,11643.15789,13347.36842,,,,,
IN,8955.491744,7940.416368,9106.245513,,,,,
IN,3017.316017,2661.135161,3055.796056,,,,,
IN,6967.813541,6141.509434,7061.043285,,,,,
IN,2376.512859,2095.121029,2438.918306,,,,,
IN,12015.29637,10593.69025,12339.38815,,,,,
IN,1531.314605,1347.561717,1607.199319,,,,,
IN,1713.411317,1507.208923,1803.04679,,,,,
IN,2973.665648,2605.454973,3121.326123,,,,,
IN,7614.087899,6671.884407,7994.581577,,,,,
IN,47728.30189,41826.41509,50147.16981,,,,,
IN,22194.73684,19449.12281,23350.87719,,,,,
IN,22563.27986,19770.05348,23803.92157,,,,,
IN,9914.643696,8685.199687,10465.93579,,,,,
IN,1715.446054,1501.692162,1813.185326,,,,,
IN,39111.11111,34240.74074,41351.85185,,,,,
IN,7051.111111,6163.333333,7453.333333,,,,,
IN,11334.82143,9905.357143,11983.92857,,,,,
IN,3899.262899,3407.248157,4128.992629,,,,,
IN,1639.519876,1431.982447,1752.839442,,,,,
IN,840.0369247,731.7024924,905.4463932,,,,,
IN,6386.967419,5562.406015,6893.233083,,,,,
IN,74081.39535,64517.44186,80017.44186,,,,,
IN,2318.322135,2016.342836,2529.689486,,,,,
IN,2890.868095,2505.073281,3162.570462,,,,,
IN,2598.176292,2251.671733,2844.3769,,,,,
IN,2698.506207,2337.891858,2956.238165,,,,,
IN,30393.36493,26331.75355,33296.20853,,,,,
IN,49525.09653,42907.33591,54289.57529,,,,,
IN,6523.373984,5647.865854,7155.995935,,,,,
IN,49199.23372,42597.70115,54000,,,,,
IN,22813.49911,19747.77975,25063.94316,,,,,
IN,1355.441284,1166.859062,1486.934621,,,,,
IN,76880.95238,66184.52381,84369.04762,,,,,
IN,24415.87902,21018.90359,26807.18336,,,,,
IN,1952.985639,1681.481481,2161.602419,,,,,
IN,3345.290323,2873.032258,3693.677419,,,,,
IN,23613.84335,20278.68852,26072.85974,,,,,
IN,1364.238411,1170.293283,1514.559024,,,,,
IN,3039.578454,2607.259953,3376.580796,,,,,
IN,3689.488636,3162.784091,4117.613636,,,,,
IN,16003.69458,13717.9803,17850.98522,,,,,
IN,37131.42857,31825.71429,41448.57143,,,,,
IN,20605.38827,17652.93185,22992.07607,,,,,
IN,37255.01433,31916.90544,41650.4298,,,,,
IN,1561.126292,1324.700012,1762.623262,,,,,
IN,13000,11028.68447,14677.54698,,,,,
IN,1112.236287,941.8565401,1259.831224,,,,,
IP,7006.907545,5944.739639,7955.366631,,,,,
IP,91576.38889,77694.44444,104006.9444,,,,,
IP,33143.21608,28163.31658,37648.24121,,,,,
IP,68703.125,58473.95833,78041.66667,,,,,
IP,48507.35294,41294.11765,55113.97059,,,,,
IP,16289.76572,13855.73366,18512.94698,,,,,
IP,10913.43776,9292.662819,12401.48392,,,,,
IP,5791.993037,4911.662315,6560.48738,,,,,
IP,164320.9877,139345.679,186135.8025,,,,,
IP,7438.371445,6297.824875,8430.563302,,,,,
IP,4149.67462,3510.071274,4711.806632,,,,,
IP,14215.49894,12028.66242,16162.42038,,,,,
IP,7357.260274,6216.438356,8376.438356,,,,,
IP,12483.75116,10553.38904,14200.5571,,,,,
IP,27457.14286,23242.85714,31222.44898,,,,,
IP,18285.32609,15474.18478,20798.91304,,,,,
IP,19270.38627,16301.8598,21919.88555,,,,,
IP,49200.72993,41594.89051,55937.9562,,,,,
IP,24706.95971,20912.08791,28080.58608,,,,,
IP,76664.77273,64875,87113.63636,,,,,
IP,37284.53039,31546.96133,42370.16575,,,,,
IP,23788.73239,20128.52113,27015.84507,,,,,
IP,91297.2973,77250,103709.4595,,,,,
IP,6190.041115,5278.209228,7022.384651,,,,,
IP,81149.7006,69185.62874,92059.88024,,,,,
IP,21991.89627,18758.50891,24943.27391,,,,,
IP,11434.34343,9767.676768,12960.43771,,,,,
IP,6358.710883,5424.100887,7204.110229,,,,,
IP,12587.25762,10734.07202,14251.1542,,,,,
IP,55214.5749,47080.97166,62497.97571,,,,,
IP,10782.78041,9189.57346,12202.21169,,,,,
IP,20972.35023,17878.64823,23738.86329,,,,,
IP,14242.96142,12151.19917,16138.68613,,,,,
IP,155215.9091,132420.4545,175875,,,,,
IP,7332.081545,6255.901288,8312.76824,,,,,
IP,58931.03448,50271.55172,66827.58621,,,,,
IP,11308.83567,9639.966969,12834.02147,,,,,
IP,85593.75,72962.5,97156.25,,,,,
IP,16804.90798,14323.92638,19103.06748,,,,,
IP,20944.95413,17865.44343,23837.92049,,,,,
IP,2869.229162,2442.866096,3280.760393,,,,,
IP,67660.09852,57630.54187,77364.53202,,,,,
IP,82771.08434,70518.07229,94620.48193,,,,,
IP,37758.24176,32208.79121,43162.08791,,,,,
IP,21144.61538,18043.07692,24178.46154,,,,,
IP,16927.42927,14455.10455,19339.48339,,,,,
IP,8541.176471,7305.882353,9736.22291,,,,,
IP,87859.87261,75152.86624,100229.2994,,,,,
IP,172425,147487.5,196737.5,,,,,
IP,46447.81145,39730.63973,53057.23906,,,,,
IP,28859.83264,24686.19247,32989.53975,,,,,
IP,31235.29412,26723.9819,35687.78281,,,,,
IP,47287.67123,40476.0274,54044.52055,,,,,
IP,40495.60117,34671.55425,46278.59238,,,,,
IP,45574.25743,39042.90429,52089.10891,,,,,
IP,16668.27503,14285.88661,19039.807,,,,,
IP,24123.90925,20720.76789,27547.99302,,,,,
IP,2091.791703,1768.755516,2325.389821,,,,,
IP,10197.85714,8656.428571,11295.71429,,,,,
IP,144212.1212,122424.2424,159777.7778,,,,,
IP,69334.95146,58873.78641,76786.40777,,,,,
IP,49262.06897,41820.68966,54565.51724,,,,,
IP,25900.36232,21994.56522,28668.47826,,,,,
IP,32682.6484,27757.99087,36148.40183,,,,,
IP,170464.2857,144761.9048,188488.0952,,,,,
IP,34841.84915,29600.97324,38523.11436,,,,,
IP,42767.16418,36328.35821,47364.1791,,,,,
IP,5671.671276,4813.512446,6294.74516,,,,,
IP,8815.95092,7478.527607,9799.386503,,,,,
IP,52280,44389.09091,58094.54545,,,,,
IP,69483.09179,59009.66184,77178.74396,,,,,
IP,19143.61702,16247.34043,21273.93617,,,,,
IP,28569.44444,24242.06349,31746.03175,,,,,
IP,18343.51145,15550.89059,20370.22901,,,,,
IP,79662.98343,67585.63536,88464.0884,,,,,
IP,9103.904282,7720.403023,10105.16373,,,,,
IP,55390.8046,46992.33716,61490.42146,,,,,
IP,20435.02825,17331.9209,22685.02825,,,,,
IP,24418.21248,20703.20405,27097.80776,,,,,
IP,20572.44318,17451.70455,22853.69318,,,,,
IP,21787.96992,18482.70677,24216.54135,,,,,
IP,12141.54104,10303.18258,13511.72529,,,,,
IP,65597.28507,55665.15837,73004.52489,,,,,
IP,8673.627685,7356.801909,9633.054893,,,,,
IP,16110.74197,13672.20377,17880.39867,,,,,
IP,24207.6412,20561.46179,26822.25914,,,,,
IP,57401.5748,48755.90551,63570.86614,,,,,
IP,45426.79128,38632.39875,50302.18069,,,,,
IP,45288.81988,38527.95031,50155.2795,,,,,
IP,66300,56400,73413.63636,,,,,
IP,21724.70238,18477.67857,24034.22619,,,,,
IP,5416.63586,4598.521257,5993.345656,,,,,
IP,9123.602484,7734.782609,10083.85093,,,,,
IP,5371.804237,4548.575603,5935.354273,,,,,
IP,9434.336963,7982.703395,10422.80589,,,,,
IP,10065.57377,8512.295082,11125.68306,,,,,
IP,10745.62682,9091.107872,11895.77259,,,,,
IP,18274.75248,15456.68317,20210.39604,,,,,
IP,64213.04348,54321.73913,71000,,,,,
IP,40393.44262,34144.80874,44636.61202,,,,,
IP,17419.31684,14729.09305,19260.30624,,,,,
IP,29498.00797,24962.15139,32573.70518,,,,,
IP,26224.77876,22191.15044,28964.60177,,,,,
IP,36873.13433,31199.00498,40738.80597,,,,,
IP,29969.69697,25355.55556,33088.88889,,,,,
IP,47854.83871,40500,52835.48387,,,,,
IP,18982.09719,16063.93862,20959.07928,,,,,
IP,64825.32751,54877.72926,71572.0524,,,,,
IP,19920.91153,16849.86595,21982.57373,,,,,
IP,11863.63636,10032.69537,13079.74482,,,,,
IP,28722.00772,24289.57529,31683.39768,,,,,
IP,49264.90066,41701.98675,54347.68212,,,,,
IP,24278.95595,20553.01794,26818.92333,,,,,
IP,19621.87088,16606.06061,21673.25428,,,,,
IP,7740.913811,6551.401869,8562.824507,,,,,
IP,17617.47344,14907.91027,19475.79693,,,,,
IP,12300.65898,10408.56672,13602.14168,,,,,
IP,17805.95238,15057.14286,19677.38095,,,,,
IP,12787.17949,10816.23932,14136.75214,,,,,
IP,21007.01262,17764.37588,23208.97616,,,,,
IP,9084.694495,7686.025408,10014.51906,,,,,
IP,24478.82736,20747.557,26962.54072,,,,,
IP,21479.31526,18179.74322,23626.24822,,,,,
IP,29800.39526,25197.62846,32743.083,,,,,
IP,28778.62595,24345.41985,31637.40458,,,,,
IP,100553.3333,85053.33333,110560,,,,,
IP,823.8197763,711.4950375,880.8486058,,,,,
IP,76560.97561,66107.31707,81824.39024,,,,,
IP,25276.97262,21822.86634,27012.88245,,,,,
IP,75504.80769,65187.5,80668.26923,,,,,
IP,28251.79856,24438.84892,30194.2446,,,,,
IP,13104.16667,11338.33333,14005.83333,,,,,
IP,31370.51793,27135.45817,33482.07171,,,,,
IP,15591.49357,13475.76657,16642.92779,,,,,
IP,6159.205917,5319.968859,6562.086415,,,,,
IP,13767.15899,11884.44831,14654.21373,,,,,
IP,8192.14876,7068.698347,8737.603306,,,,,
IP,80974.4898,69872.44898,86311.22449,,,,,
IP,9654.501217,8342.457421,10307.17762,,,,,
IP,22337.55274,19331.92686,23839.66245,,,,,
IP,14999.0566,12966.98113,16010.37736,,,,,
IP,19908.63579,17202.75344,21280.35044,,,,,
IP,17238.3532,14897.07476,18449.6208,,,,,
IP,13159.37242,11369.9422,14075.14451,,,,,
IP,119819.5489,103556.391,128165.4135,,,,,
IP,24128.59304,20848.71407,25789.71256,,,,,
IP,21015.76873,18114.32326,22409.98686,,,,,
IP,29165.75592,25153.00546,31080.14572,,,,,
IP,12529.31978,10802.97107,13359.65598,,,,,
IP,7027.181061,6061.376589,7512.056116,,,,,
IP,21211.36063,18270.80581,22651.25495,,,,,
IP,21074.80315,18156.16798,22547.24409,,,,,
IP,9359.138533,8058.207218,10022.70081,,,,,
IP,10068.793,8661.66354,10797.37336,,,,,
IP,17613.53712,15138.64629,18849.34498,,,,,
IP,55830.44983,47986.15917,59747.40484,,,,,
IP,13020.96774,11188.70968,13929.03226,,,,,
IP,28939.0681,24876.34409,30965.94982,,,,,
IP,21867.38836,18790.2571,23384.30311,,,,,
IP,37581.39535,32302.32558,40188.37209,,,,,
IP,212657.8947,182763.1579,227381.5789,,,,,
IP,146981.8182,126272.7273,157109.0909,,,,,
IP,11757.26744,10095.20349,12598.11047,,,,,
IP,22659.66387,19463.58543,24281.51261,,,,,
IP,34672.37687,29764.45396,37132.76231,,,,,
IP,42986.7374,36904.50928,46055.70292,,,,,
IP,11634.4086,9979.928315,12467.38351,,,,,
IP,32592.36948,27957.83133,34941.76707,,,,,
IP,20772.37852,17824.80818,22262.14834,,,,,
IP,41238.57868,35383.24873,44185.27919,,,,,
IP,12571.87017,10792.89026,13462.13292,,,,,
IP,129166.6667,110865.0794,138277.7778,,,,,
IP,124259.542,106633.5878,133007.6336,,,,,
IP,3573.423522,3094.697796,3806.895047,,,,,
IP,74440.90909,64481.81818,79313.63636,,,,,
IP,62766.28352,54367.81609,66854.40613,,,,,
IP,21498.68766,18627.29659,22913.38583,,,,,
IP,37748.84793,32728.1106,40230.41475,,,,,
IP,13783.01093,11956.26577,14713.20437,,,,,
IP,36017.58242,31307.69231,38452.74725,,,,,
IP,162257.4257,141039.604,173237.6238,,,,,
IP,52357.82748,45514.377,55926.51757,,,,,
IP,8902.333152,7740.097667,9527.94357,,,,,
IP,111612.2449,97040.81633,119455.7823,,,,,
IP,114741.2587,99790.20979,122804.1958,,,,,
IP,170916.6667,148645.8333,182927.0833,,,,,
IP,19334.51119,16825.67727,20699.64664,,,,,
IP,131320,114280,140616,,,,,
IP,27780.03384,24182.74112,29747.88494,,,,,
IP,21502.6178,18712.04188,23013.08901,,,,,
IP,72716.81416,63283.18584,77796.46018,,,,,
IP,86952.38095,75714.28571,93031.74603,,,,,
IP,22577.50343,19677.6406,24138.54595,,,,,
IP,65844,57388,70396,,,,,
IP,13391.05691,11668.29268,14342.27642,,,,,
IP,9599.301107,8370.413512,10336.05125,,,,,
IP,18757.67918,16361.77474,20196.81456,,,,,
IP,27050.81967,23595.08197,29127.86885,,,,,
IP,12354.79042,10776.94611,13323.35329,,,,,
IP,13860.01676,12079.63118,14938.80972,,,,,
LY,70425.53191,61382.97872,75846.80851,,,,,
LY,84010.15228,73243.65482,90482.2335,,,,,
LY,69575.63025,60630.2521,74894.95798,,,,,
LY,56363.94558,49139.45578,60629.2517,,,,,
LY,45702.47934,39801.65289,49137.74105,,,,,
LY,96523.25581,84034.88372,103761.6279,,,,,
LY,42704.37018,37172.2365,45879.17738,,,,,
LY,20123.18841,17486.71498,21564.00966,,,,,
LY,34901.67364,30320.08368,37357.74059,,,,,
LY,10551.57233,9189.308176,11232.07547,,,,,
LY,123419.1176,107477.9412,131323.5294,,,,,
LY,94393.25843,82146.06742,100337.0787,,,,,
LY,66498.02372,57853.75494,70604.74308,,,,,
LY,102006.0606,88745.45455,108260.6061,,,,,
LY,57135.59322,49657.62712,60562.71186,,,,,
LY,24778.59238,21551.31965,26202.34604,,,,,
LY,36891.06754,32037.03704,38941.17647,,,,,
LY,133362.2047,115787.4016,140763.7795,,,,,
LY,30769.92754,26664.85507,32420.28986,,,,,
LY,12402.76766,10741.4421,13048.79825,,,,,
LY,13890.06515,12047.23127,14605.04886,,,,,
LY,170640,147950,179350,,,,,
LY,59741.25874,51793.70629,62741.25874,,,,,
LY,176144.3299,152711.3402,185020.6186,,,,,
LY,22258.44156,19242.85714,23323.37662,,,,,
LY,84487.68473,73078.81773,88472.9064,,,,,
LY,70012.2449,60579.59184,73322.44898,,,,,
LY,108658.2278,93936.70886,113715.1899,,,,,
LY,96477.52809,83488.76404,100966.2921,,,,,
LY,52246.20061,45224.92401,54644.3769,,,,,
LY,23359.56581,20211.66893,24402.98507,,,,,
LY,53713.39564,46439.25234,56028.03738,,,,,
LY,35927.23493,31039.50104,37401.2474,,,,,
LY,45264.39791,39109.94764,47094.24084,,,,,
LY,27000,23336.97348,28078.00312,,,,,
LY,63680.14706,55014.70588,66198.52941,,,,,
LY,173260,149720,180070,,,,,
LY,44244.89796,38224.4898,45954.08163,,,,,
LY,52453.17221,45283.98792,54429.00302,,,,,
LY,58692.56757,50668.91892,60875,,,,,
LY,2539.023342,2180.438207,2590.720321,,,,,
LY,62507.04225,53623.23944,63707.74648,,,,,
LY,145598.3607,124893.4426,148303.2787,,,,,
LY,76646.55172,65693.96552,77991.37931,,,,,
LY,41669.78923,35763.46604,42374.70726,,,,,
LY,67977.09924,58312.9771,69061.0687,,,,,
LY,99625.69832,85351.95531,101094.9721,,,,,
LY,78986.72566,67641.59292,80070.79646,,,,,
LY,88875.62189,76094.52736,90029.85075,,,,,
LY,22797.70992,19512.72265,23029.26209,,,,,
LY,64550.35971,55176.25899,65111.51079,,,,,
LY,53764.1791,45838.80597,54032.83582,,,,,
LY,2398.155365,2014.809041,2359.444011,,,,,
LY,57074.07407,47972.22222,56067.90123,,,,,
LY,46737.37374,39313.13131,45873.73737,,,,,
LY,62820.33898,52776.27119,61600,,,,,
LY,92670,77925,90860,,,,,
LY,10448.06289,8788.88265,10244.80629,,,,,
LY,53815.0289,45297.68786,52745.66474,,,,,
LY,69555.97015,58488.80597,68138.0597,,,,,
LY,65700.70423,55214.78873,64309.85915,,,,,
LY,48279.06977,40563.30749,47217.05426,,,,,
LY,98857.14286,83058.20106,96682.53968,,,,,
LY,70618.86792,59241.50943,68966.03774,,,,,
LY,53802.29226,45091.69054,52366.76218,,,,,
LY,55302.94118,46326.47059,53755.88235,,,,,
LY,108120.6897,90563.21839,105051.7241,,,,,
LY,83278.76106,69792.0354,80880.53097,,,,,
LY,88867.92453,74429.24528,86226.41509,,,,,
LY,129150.6849,108089.0411,125212.3288,,,,,
LY,120114.6497,100547.7707,116439.4904,,,,,
LY,154655.7377,129442.623,149877.0492,,,,,
LY,64855.6701,54274.91409,62914.08935,,,,,
LY,74648.22134,62505.92885,72363.63636,,,,,
LY,89933.33333,75323.80952,87180.95238,,,,,
LY,130358.6207,109124.1379,126262.069,,,,,
LY,61226.53722,51242.71845,59252.42718,,,,,
LY,14726.1443,12325.05818,14220.32583,,,,,
LY,81158.11966,67905.98291,78341.88034,,,,,
LY,147325.5814,123279.0698,142108.5271,,,,,
LY,36269.08397,30377.8626,34988.54962,,,,,
LY,67028.16901,56102.11268,64556.33803,,,,,
LY,71111.9403,59522.38806,68410.44776,,,,,
LY,7905.56701,6610.309278,7567.42268,,,,,
LY,105346.1538,88126.37363,100840.6593,,,,,
LY,30315.45741,25329.653,28988.95899,,,,,
LY,87390.90909,73077.27273,83550,,,,,
LY,40568.42105,33858.94737,38732.63158,,,,,
LY,1496.267278,1237.342006,1371.646094,,,,,
LY,154534.3511,127786.2595,141656.4885,,,,,
LY,138726.0274,114794.5205,127102.7397,,,,,
LY,92118.18182,76195.45455,84354.54545,,,,,
LY,46034.01361,38097.50567,42083.90023,,,,,
LY,57106.74157,47252.80899,52132.02247,,,,,
LY,55186.99187,45588.07588,50325.20325,,,,,
LY,36692.9982,30307.0018,33339.31777,,,,,
LY,82842.10526,68408.90688,75186.23482,,,,,
LY,117017.1429,96588.57143,106125.7143,,,,,
LY,59376.81159,48997.10145,53872.46377,,,,,
LY,75323.52941,62220.58824,68341.91176,,,,,
LY,49871.04623,41274.93917,45231.14355,,,,,
LY,97203.79147,80412.32227,88104.2654,,,,,
LY,103661.6162,85707.07071,93898.9899,,,,,
LY,111043.2432,91767.56757,100497.2973,,,,,
LY,41123.7525,33988.02395,37111.77645,,,,,
LY,104131.3131,86136.36364,93904.0404,,,,,
LY,72915.19435,60346.28975,65713.78092,,,,,
LY,75600.7326,62578.75458,68172.16117,,,,,
LY,187709.0909,155354.5455,169209.0909,,,,,
LY,122218.9349,101124.2604,110147.929,,,,,
LY,47722.86374,39494.22633,42993.07159,,,,,
LY,92775.78475,76695.06726,83479.82063,,,,,
LY,197133.3333,162952.381,177295.2381,,,,,
LY,47891.45497,39591.22402,43000,,,,,
LY,63867.69231,52747.69231,57289.23077,,,,,
LY,133941.9355,110632.2581,120122.5806,,,,,
LY,66813.50482,55202.57235,59877.8135,,,,,
LY,76227.10623,62937.72894,68216.11722,,,,,
LY,127012.1951,104768.2927,113554.878,,,,,
LY,127073.1707,104780.4878,113615.8537,,,,,
LY,178205.1282,146914.5299,159256.4103,,,,,
LY,64227.69231,52907.69231,57369.23077,,,,,
LY,68495.08197,56439.34426,61131.14754,,,,,
LY,89034.04255,73251.06383,79348.93617,,,,,
LY,114333.3333,94076.50273,101901.6393,,,,,
LY,180448.2759,148465.5172,160758.6207,,,,,
LY,203349.5146,167203.8835,181048.5437,,,,,
LY,95639.26941,78639.26941,85242.00913,,,,,
LY,127780.4878,105018.2927,113829.2683,,,,,
LY,82972.33202,68079.05138,73786.56126,,,,,
LY,69131.57895,56697.36842,61437.5,,,,,
LY,72723.18339,59678.20069,64657.43945,,,,,
LY,127436.3636,104618.1818,113248.4848,,,,,
LY,91943.23144,75388.64629,81598.25328,,,,,
LY,71918.08874,58945.39249,63774.74403,,,,,
LY,79901.51515,65477.27273,70780.30303,,,,,
LY,91333.33333,74883.11688,80896.1039,,,,,
LY,140726.6667,115400,124580,,,,,
LY,100580.9524,82428.57143,89019.04762,,,,,
LY,145744.8276,119441.3793,128924.1379,,,,,
LY,111904.7619,91708.99471,98910.05291,,,,,
LY,67836.53846,55573.71795,59916.66667,,,,,
LY,15796.73591,12879.82196,13910.97923,,,,,
LY,26396.53036,21522.92441,23242.87485,,,,,
LY,56869.33333,46360,50021.33333,,,,,
LY,78153.84615,63681.31868,68714.28571,,,,,
LY,45107.82241,36769.55603,39684.98943,,,,,
LY,73682.75862,60051.72414,64727.58621,,,,,
LY,75042.10526,61105.26316,65873.68421,,,,,
LY,67320.75472,54849.0566,59056.60377,,,,,
LY,120949.1525,98542.37288,106101.6949,,,,,
LY,125210.5263,102000,109824.5614,,,,,
LY,80833.96226,65833.96226,70875.4717,,,,,
LY,161097.7444,131203.0075,141233.0827,,,,,
LY,85406.3745,69533.86454,74852.58964,,,,,
LY,214370,174560,187890,,,,,
LY,271430.3797,221012.6582,237835.443,,,,,
LY,60604.51977,49372.88136,53087.57062,,,,,
LY,36651.87713,29829.35154,32088.7372,,,,,
LY,122039.7727,99375,106903.4091,,,,,
LY,72120.80537,58758.38926,63140.9396,,,,,
LY,31782.86558,25914.32792,27794.68242,,,,,
LY,75571.92982,61621.05263,66028.07018,,,,,
LY,10677.78323,8644.923982,9231.486023,,,,,
LY,83448.27586,67551.72414,72118.77395,,,,,
LY,71970.29703,58194.71947,62165.0165,,,,,
LY,78787.00361,63671.48014,68025.27076,,,,,
LY,60844.01114,49136.49025,52490.2507,,,,,
LY,75406.89655,60855.17241,64982.75862,,,,,
LY,31230.76923,25203.7037,26849.00285,,,,,
LY,142370.1299,114889.6104,122396.1039,,,,,
LY,36905.88235,29741.17647,31687.39496,,,,,
LY,138163.522,111358.4906,118578.6164,,,,,
LY,69466.87697,55933.75394,59479.49527,,,,,
LY,83760.45627,67475.28517,71737.64259,,,,,
LY,71177.41935,57296.77419,60925.80645,,,,,
LY,39990.95841,32159.13201,34157.32369,,,,,
LY,165104.4776,132828.3582,140962.6866,,,,,
LY,152634.4828,122772.4138,130268.9655,,,,,
LY,77656.14035,62561.40351,66280.70175,,,,,
LY,9020.292208,7256.493506,7699.269481,,,,,
LY,121524.5902,97715.84699,103688.5246,,,,,
LY,274654.321,220802.4691,234259.2593,,,,,
LY,264988.0952,212916.6667,225892.8571,,,,,
LY,106636.3636,85665.07177,90808.61244,,,,,
LY,99522.32143,79986.60714,84732.14286,,,,,
LY,143967.7419,115612.9032,122451.6129,,,,,
LY,80320.14388,64471.22302,68287.76978,,,,,
LY,59807.48663,47970.58824,50759.35829,,,,,
LY,81396.36364,65345.45455,69032.72727,,,,,
LY,113664.9746,91228.4264,96416.24365,,,,,
LY,1204.692174,964.1526269,1012.386501,,,,,
LY,135917.1598,108781.0651,114136.0947,,,,,
LY,78440.27304,62805.46075,65853.24232,,,,,
LY,130625,104590.9091,109630.6818,,,,,
LY,273690.4762,219142.8571,229702.381,,,,,
LY,38250.83056,30606.31229,32054.81728,,,,,
LY,50670.32967,40538.46154,42413.18681,,,,,
LY,226058.8235,180833.3333,189196.0784,,,,,
LY,146917.1975,117484.0764,123025.4777,,,,,
NA,21665.10319,17312.38274,18129.45591,,,,,
NA,53221.19816,42523.04147,44548.3871,,,,,
NA,27188.23529,21714.11765,22755.29412,,,,,
NA,24099.06152,19248.17518,20182.48175,,,,,
NA,34613.77246,27634.73054,28989.52096,,,,,
NA,30583.88375,24388.37517,25586.52576,,,,,
NA,86092.9368,68631.97026,72029.73978,,,,,
NA,24387.36842,19433.68421,20434.73684,,,,,
NA,37268.48875,29692.92605,31239.54984,,,,,
NA,50842.10526,40502.19298,42616.22807,,,,,
NA,196474.5763,156516.9492,164686.4407,,,,,
NA,51754.46429,41236.60714,43390.625,,,,,
NA,15662.61808,12467.61134,13148.44804,,,,,
NA,74890.32258,59603.22581,62864.51613,,,,,
NA,111153.11,88425.83732,93272.72727,,,,,
NA,33523.80952,26669.55267,28167.38817,,,,,
NA,79303.75427,63081.91126,66662.11604,,,,,
NA,110123.2227,87597.1564,92611.37441,,,,,
NA,29872.75064,23760.92545,25127.24936,,,,,
NA,28432.76284,22607.57946,23937.65281,,,,,
NA,118071.066,93873.09645,99477.15736,,,,,
NA,71146.78899,56553.51682,59966.36086,,,,,
NA,28371.95122,22552.43902,23915.85366,,,,,
NA,13942.51497,11075.4491,11759.28144,,,,,
NA,74175.15924,58914.01274,62557.32484,,,,,
NA,6061.124061,4805.490805,5108.780109,,,,,
NA,23292.53731,18466.66667,19633.83085,,,,,
NA,32380.35961,25669.43292,27323.65145,,,,,
NA,70315.31532,55732.73273,59342.34234,,,,,
NA,14315.01832,11343.71184,12073.26007,,,,,
NA,36364.34109,28810.85271,30668.21705,,,,,
NA,35724.50533,28292.23744,30149.16286,,,,,
NA,28569.34307,22613.13869,24097.3236,,,,,
NA,45084.45298,35677.54319,38038.38772,,,,,
NA,99109.70464,78430.37975,83649.78903,,,,,
NA,51971.23894,41123.89381,43878.31858,,,,,
NA,40508.62069,32048.27586,34250,,,,,
NA,2738.969739,2168.399168,2313.582814,,,,,
NA,52015.35088,41171.05263,43932.01754,,,,,
NA,23346.45669,18478.34646,19729.33071,,,,,
NA,43214.93625,34196.72131,36519.12568,,,,,
NA,51040.86022,40376.34409,43122.58065,,,,,
NA,75107.59494,59414.55696,63477.8481,,,,,
NA,36353.75191,28751.91424,30730.47473,,,,,
NA,22135.13514,17504.19385,18716.6822,,,,,
NA,99840.33613,78915.96639,84436.97479,,,,,
NA,34598.25328,27339.15575,29254.73071,,,,,
NA,14873.75,11754.375,12581.25,,,,,
NA,9114.678899,7211.391437,7716.743119,,,,,
NA,32987.55187,26092.66943,27972.33748,,,,,
NA,21038.80071,16645.50265,17843.03351,,,,,
NA,23107.45402,18283.63988,19625.36302,,,,,
NA,69424.4186,54912.7907,58936.04651,,,,,
NA,27267.12329,21566.21005,23147.26027,,,,,
NA,74653.125,59037.5,63371.875,,,,,
NA,148378.882,117341.6149,125975.1553,,,,,
NA,55443.15545,43832.94664,47062.64501,,,,,
NA,49595.43568,39195.02075,42085.06224,,,,,
NA,17421.7043,13759.6504,14789.51202,,,,,
NA,13713.79508,10814.53921,11668.00229,,,,,
NA,48504.04858,38246.96356,41271.25506,,,,,
NA,65829.67033,51906.59341,56021.97802,,,,,
NA,36648.31804,28889.90826,31197.24771,,,,,
NA,44149.17127,34797.42173,37594.84346,,,,,
NA,124880.2083,98411.45833,106343.75,,,,,
NA,22369.40299,17627.79851,19061.56716,,,,,
NA,45252.83019,35664.15094,38560.37736,,,,,
NA,22662.88952,17851.74693,19306.8933,,,,,
NA,27955.76251,22008.14901,23881.25728,,,,,
NA,47107.84314,37070.58824,40260.78431,,,,,
NA,23074.85605,18147.79271,19738.96353,,,,,
NA,32113.48465,25246.99599,27469.95995,,,,,
NA,59248.76847,46576.35468,50689.65517,,,,,
NA,32864.7541,25833.33333,28140.71038,,,,,
NA,131459.0164,103344.2623,112584.6995,,,,,
NA,104142.8571,81870.12987,89190.47619,,,,,
NA,50246.34656,39482.2547,43058.45511,,,,,
NA,19862.32481,15598.51608,17022.25886,,,,,
NA,26850.77951,21071.26949,23000,,,,,
NA,71563.79822,56148.36795,61326.4095,,,,,
NA,22982.85714,18020.95238,19699.04762,,,,,
NA,72692.77108,56993.9759,62307.22892,,,,,
NA,111235.023,87202.76498,95331.79724,,,,,
NA,32766.62144,25675.71235,28113.97558,,,,,
NA,58759.12409,46041.36253,50416.05839,,,,,
NA,150943.75,118268.75,129506.25,,,,,
NA,22368.51852,17526.85185,19194.44444,,,,,
NA,5030.510585,3945.205479,4314.445828,,,,,
NA,54494.38202,42721.34831,46739.32584,,,,,
NA,34203.10296,26815.23272,29409.0268,,,,,
NA,33592.79778,26332.40997,28889.19668,,,,,
NA,53318.68132,41784.61538,45841.75824,,,,,
NA,20088.57616,15740.06623,17277.31788,,,,,
NA,15352.49526,12030.95389,13220.46747,,,,,
NA,25718.51852,20153.43915,22169.31217,,,,,
NA,25226.14108,19759.3361,21751.03734,,,,,
NA,166561.6438,130465.7534,143657.5342,,,,,
NA,35713.65639,27970.63142,30803.23054,,,,,
NA,58483.17308,45790.86538,50451.92308,,,,,
NA,14546.26866,11389.85075,12556.41791,,,,,
NA,17676.57723,13848.4409,15292.24075,,,,,
NA,46520.99237,36446.56489,40255.72519,,,,,
NA,42178.20069,33044.9827,36515.57093,,,,,
NA,26322.54585,20609.49299,22785.32902,,,,,
NA,56098.85057,43919.54023,48581.6092,,,,,
NA,52263.3833,40910.06424,45252.67666,,,,,
NA,33161.68478,25957.88043,28716.03261,,,,,
NA,61792.40506,48369.62025,53511.39241,,,,,
NA,46265.15152,36187.5,40043.56061,,,,,
NA,62478.26087,48869.56522,54097.1867,,,,,
NA,124637.7551,97489.79592,107918.3673,,,,,
NA,59887.2549,46833.33333,51877.45098,,,,,
NA,35991.16348,28148.74816,31184.09426,,,,,
NA,18264.57399,14284.75336,15840.05979,,,,,
NA,74743.11927,58452.59939,64859.32722,,,,,
NA,29854.70085,23340.65934,25908.42491,,,,,
NA,100629.6296,78666.66667,87337.44856,,,,,
NA,79152.10356,61864.07767,68718.4466,,,,,
NA,51184.10042,39997.90795,44474.8954,,,,,
NA,34142.25941,26672.24547,29673.64017,,,,,
NA,70146.13181,54796.5616,60962.75072,,,,,
NA,27529.21348,21495.50562,23917.97753,,,,,
NA,46143.12618,36028.24859,40101.69492,,,,,
NA,7280.712166,5682.492582,6332.047478,,,,,
NA,19034.10853,14848.83721,16548.06202,,,,,
NA,40591.73554,31662.80992,35325.61983,,,,,
NA,103197.479,80487.39496,89802.52101,,,,,
NA,71845.02924,56017.54386,62511.69591,,,,,
NA,10360.26936,8065.23569,9011.784512,,,,,
NA,51400.83507,40006.26305,44716.07516,,,,,
NA,33238.8664,25865.04723,28929.82456,,,,,
NA,31234.47402,24295.31052,27190.11407,,,,,
NA,88985.55957,69205.77617,77458.48375,,,,,
NA,22406.90282,17415.0772,19501.3624,,,,,
NA,16371.76938,12709.74155,14280.98078,,,,,
NA,7786.477987,6034.90566,6794.654088,,,,,
NA,4320.508357,3344.533426,3771.761838,,,,,
NA,52827.65957,40874.46809,46102.12766,,,,,
NA,43725.35211,33827.46479,38153.16901,,,,,
NA,39874.79936,30841.09149,34818.61958,,,,,
NA,94820.61069,73335.87786,82816.79389,,,,,
NA,18639.90998,14415.6039,16283.57089,,,,,
NA,67532.6087,52217.3913,58991.84783,,,,,
NA,25301.11902,19557.47711,22090.53917,,,,,
NA,243833.3333,188480.3922,212892.1569,,,,,
NA,55793.72197,43112.10762,48737.66816,,,,,
NA,57742.4594,44612.529,50436.1949,,,,,
NA,54578.94737,42168.85965,47688.59649,,,,,
NA,65335.95801,50469.81627,57091.86352,,,,,
NA,92884.32836,71750,81164.1791,,,,,
NA,46103.7037,35609.25926,40320.37037,,,,,
NA,112651.5837,87013.57466,98583.71041,,,,,
NA,14373.91806,11101.55799,12615.69533,,,,,
NA,100447.5806,77576.6129,88181.45161,,,,,
NA,57410.13825,44331.79724,50389.40092,,,,,
NA,36220.93023,27966.56977,31837.2093,,,,,
NA,83909.09091,64784.51178,73774.41077,,,,,
NA,45243.19419,34921.96007,39780.39927,,,,,
NA,32170.32258,24828.3871,28318.70968,,,,,
NA,9479.135053,7304.248862,8341.426404,,,,,
NA,18803.00752,14480.45113,16551.12782,,,,,
NA,91270.07299,70288.32117,80357.66423,,,,,
NA,250080,192590,220180,,,,,
NA,242873.7864,186980.5825,213786.4078,,,,,
NA,31278.75,24076.25,27561.25,,,,,
NA,161438.7097,124264.5161,142251.6129,,,,,
NA,50559.59596,38917.17172,44547.47475,,,,,
NA,33331.55792,25669.77364,29384.82024,,,,,
NA,206892.562,159322.314,182404.9587,,,,,
NA,13777.89995,10610.77515,12144.03518,,,,,
NA,278466.6667,214455.5556,245455.5556,,,,,
NA,67926.82927,52314.36314,59894.30894,,,,,
NA,37029.5421,28519.94092,32654.35746,,,,,
NA,21580.89501,16627.36661,19040.4475,,,,,
NA,57662.06897,44425.28736,50882.75862,,,,,
NA,69883.00836,53874.65181,61688.02228,,,,,
NA,24323.64341,18741.27907,21468.02326,,,,,
NA,248564.3564,191504.9505,219376.2376,,,,,
NA,85696.24573,66013.65188,75645.05119,,,,,
NA,37441.13264,28833.08495,33050.67064,,,,,
NA,27356.90968,21052.23069,24149.07508,,,,,
NA,42613.55932,32793.22034,37615.25424,,,,,
NA,46139.44954,35502.75229,40739.44954,,,,,
NA,38398.47328,29549.61832,33938.9313,,,,,
NA,138192.3077,106346.1538,122192.3077,,,,,
NA,50201.59681,38632.73453,44393.21357,,,,,
NA,22480.35714,17286.60714,19880.35714,,,,,
NA,23015.53931,17699.26874,20377.51371,,,,,
NA,13601.40237,10448.22006,12035.59871,,,,,
NA,19912.39148,15288.87135,17655.09077,,,,,
NA,99731.2253,76573.12253,88462.45059,,,,,
NA,24318.88247,18665.70328,21633.91137,,,,,
NA,44078.53403,33815.00873,39237.34729,,,,,
NA,24507.27449,18801.16392,21817.65276,,,,,
NA,32491.00257,24919.02314,28946.01542,,,,,
NA,79993.67089,61351.26582,71313.29114,,,,,
NA,27400.86674,21005.41712,24443.12026,,,,,
NA,24729.7561,18922.92683,22057.56098,,,,,
NA,2897.639582,2214.934181,2571.6069,,,,,
NA,51485.8871,39350.80645,45689.51613,,,,,
OP,47227.35675,36083.1793,41896.48799,,,,,
OP,42101.97368,32125,37296.05263,,,,,
OP,11876.73772,9060.704356,10519.92586,,,,,
OP,22231.36915,16952.33969,19676.77643,,,,,
OP,60845.97156,46388.62559,53815.16588,,,,,
OP,10857.14286,8272.229246,9576.485461,,,,,
OP,60386.41686,45990.63232,53222.48244,,,,,
OP,17485.44347,13362.89777,15390.65674,,,,,
OP,80000,61111.45511,70386.9969,,,,,
OP,21137.84666,16109.29853,18557.91191,,,,,
OP,15333.52976,11640.54213,13421.33176,,,,,
OP,34490.06623,26174.83444,30181.45695,,,,,
OP,16940.98573,12825.55123,14793.12581,,,,,
OP,82194.96855,62201.25786,71745.28302,,,,,
OP,43428.57143,32868.77076,37915.28239,,,,,
OP,7505.296307,5673.060407,6549.957057,,,,,
OP,32102.81518,24264.38188,28017.13586,,,,,
OP,13852.39852,10455.45598,12069.58355,,,,,
OP,6160.476524,4641.672506,5380.28498,,,,,
OP,46790.78014,35237.58865,40842.19858,,,,,
OP,9892.750374,7430.493274,8618.460389,,,,,
OP,6773.29589,5084.758744,5901.199898,,,,,
OP,162773.0061,122214.7239,141815.9509,,,,,
OP,3714.265793,2788.732394,3232.18519,,,,,
OP,16183.1413,12144.3299,14069.73924,,,,,
OP,62690.14085,47009.38967,54464.78873,,,,,
OP,50546.3138,37856.3327,43880.90737,,,,,
OP,14220.80679,10640.12739,12332.80255,,,,,
OP,17899.19893,13391.18825,15514.01869,,,,,
OP,36715.45828,27444.59644,31807.11354,,,,,
OP,4240.20148,3161.183693,3667.243822,,,,,
OP,21098.59155,15719.8748,18252.73865,,,,,
OP,51573.61377,38420.6501,44625.23901,,,,,
OP,47538.73239,35392.60563,41100.35211,,,,,
OP,52976.47059,39417.64706,45796.07843,,,,,
OP,43675.28271,32483.03716,37756.05816,,,,,
OP,117556.5217,87434.78261,101626.087,,,,,
OP,248064.2202,184513.7615,214449.5413,,,,,
OP,18624.91397,13847.21266,16090.15829,,,,,
OP,113752.1008,84546.21849,98260.5042,,,,,
OP,19189.66737,14253.36164,16570.41755,,,,,
OP,22961.08291,17047.37733,19815.56684,,,,,
OP,40207.40741,29851.85185,34727.40741,,,,,
OP,75400,55980.55556,65125,,,,,
OP,11405.36013,8457.286432,9847.571189,,,,,
OP,139676.9231,103574.359,120600,,,,,
OP,249917.4312,185293.578,215752.2936,,,,,
OP,86256.32911,63927.21519,74424.05063,,,,,
OP,2161.373998,1599.355447,1857.019337,,,,,
OP,1749.120161,1287.330317,1507.164404,,,,,
OP,3276.531089,2402.875175,2811.360449,,,,,
OP,28750,21073.77049,24649.59016,,,,,
OP,24462.54355,17918.98955,20959.93031,,,,,
OP,40661.36035,29784.37048,34826.33864,,,,,
OP,17558.401,12868.83198,15043.72267,,,,,
OP,26654.35606,19515.15152,22823.86364,,,,,
OP,73501.30548,53806.78851,62947.78068,,,,,
OP,30765.28384,22527.29258,26339.51965,,,,,
OP,34522.64382,25260.70991,29550.79559,,,,,
OP,93704.31894,68574.75083,80239.20266,,,,,
OP,15173.28326,11083.15451,12969.95708,,,,,
OP,30623.37662,22363.63636,26173.16017,,,,,
OP,17500.30883,12791.22915,14951.82211,,,,,
OP,22458.00317,16411.25198,19208.39937,,,,,
OP,33553.84615,24517.15976,28695.85799,,,,,
OP,20283.77412,14817.01215,17341.67262,,,,,
OP,9683.225587,7054.780538,8281.047976,,,,,
OP,14048.76847,10227.58621,12020.19704,,,,,
OP,20827.73723,15154.74453,17829.19708,,,,,
OP,11130.84112,8085.669782,9534.657321,,,,,
OP,18593.89214,13502.92398,15919.4282,,,,,
OP,6410.284951,4650.934996,5460.596616,,,,,
OP,12333.33333,8931.623932,10486.32479,,,,,
OP,22385.27132,16217.82946,19064.34109,,,,,
OP,66861.11111,48432.87037,56932.87037,,,,,
OP,8200.453001,5929.218573,6968.289921,,,,,
OP,17742.96206,12820.07344,15072.21542,,,,,
OP,23755.31915,17144.02619,20166.12111,,,,,
OP,47090.76175,33954.61912,39948.13614,,,,,
OP,17200.23627,12376.25517,14561.13408,,,,,
OP,31418.10345,22589.43966,26576.50862,,,,,
OP,97852.34899,70348.99329,82778.52349,,,,,
OP,45711.59875,32916.9279,38675.54859,,,,,
OP,6073.520249,4363.032191,5137.279335,,,,,
OP,35335.74879,25388.88889,29892.51208,,,,,
OP,216733.3333,155718.5185,183355.5556,,,,,
OP,25763.20423,18507.92254,21793.1338,,,,,
OP,596.8090188,420.9802236,481.6852966,,,,,
OP,2054.266564,1430.201083,1638.63109,,,,,
OP,7557.760454,5250.649657,6017.009213,,,,,
OP,58937.3849,40931.86004,46915.28545,,,,,
OP,40722.64631,28297.70992,32461.83206,,,,,
OP,38218.11681,26513.70679,30419.54708,,,,,
OP,25742.3756,17861.1557,20494.38202,,,,,
OP,39467.40467,27380.0738,31415.74416,,,,,
OP,27211.86441,18875.42373,21657.62712,,,,,
OP,37259.86079,25841.06729,29658.93271,,,,,
OP,41560.15524,28835.70505,33085.38163,,,,,
OP,30361.32075,21050.9434,24143.39623,,,,,
OP,54190.23569,37607.74411,43092.59259,,,,,
OP,47486.72566,32952.80236,37762.53687,,,,,
OP,79511.11111,55167.90123,63222.22222,,,,,
OP,15998.01587,11097.22222,12703.37302,,,,,
OP,36824.20091,25538.81279,29246.57534,,,,,
OP,11202.36029,7768.830267,8904.547032,,,,,
OP,200478.2609,139024.8447,159341.6149,,,,,
OP,42205.22876,29258.82353,33542.48366,,,,,
OP,48780.96677,33812.68882,38768.88218,,,,,
OP,3561.445783,2460.460022,2832.63965,,,,,
OP,11212.95658,7748.793935,8930.048243,,,,,
OP,24300,16794.02985,19347.76119,,,,,
OP,24954.82389,17277.18224,19870.59724,,,,,
OP,81279.30175,56269.32668,64738.15461,,,,,
OP,8035.1697,5558.288244,6403.344811,,,,,
OP,32595.21436,22540.37886,25971.08674,,,,,
OP,50382.12635,34850.53929,40141.75655,,,,,
OP,41094.22111,28418.34171,32738.69347,,,,,
OP,71588.62144,49518.59956,57041.57549,,,,,
OP,16414.53634,11346.86717,13079.19799,,,,,
OP,87330.66667,60378.66667,69594.66667,,,,,
OP,17206.71563,11883.00105,13703.04302,,,,,
OP,22689.70283,15660.67726,18058.74223,,,,,
OP,16926.36457,11669.92791,13464.98455,,,,,
OP,64334.63796,44354.20744,51205.47945,,,,,
OP,31897.1872,21990.30068,25387.00291,,,,,
OP,38309.6624,26410.94296,30477.29919,,,,,
OP,56858.37651,39195.16408,45236.61485,,,,,
OP,55641.89189,38336.14865,44243.24324,,,,,
OP,86498.68766,59566.92913,68745.40682,,,,,
OP,22333.7847,15366.28301,17761.67908,,,,,
OP,161740.1961,111254.902,128617.6471,,,,,
OP,18095.34247,12440,14385.20548,,,,,
OP,71493.50649,49142.85714,56826.83983,,,,,
OP,87649.86737,60249.33687,69649.86737,,,,,
OP,29939.36652,20586.42534,23778.28054,,,,,
OP,23935.64714,16460.59291,19005.78453,,,,,
OP,147839.2857,101629.4643,117361.6071,,,,,
OP,30144.54545,20721.81818,23905.45455,,,,,
OP,48410.21898,33275.91241,38395.62044,,,,,
OP,150750,103613.6364,119572.7273,,,,,
OP,30431.19266,20967.88991,24143.11927,,,,,
OP,194035.0877,133666.6667,153900.5848,,,,,
OP,34280.99174,23614.66942,27210.7438,,,,,
OP,79399.52153,54693.7799,63026.31579,,,,,
OP,26998.37398,18591.05691,21424.39024,,,,,
OP,95171.91977,65530.08596,75532.95129,,,,,
OP,134493.9271,92595.1417,106740.8907,,,,,
OP,5484.55979,3769.053876,4341.162943,,,,,
OP,38108.32383,26205.24515,30149.37286,,,,,
OP,70216.38655,48283.61345,55596.63866,,,,,
OP,16223.56935,11152.27934,12852.57032,,,,,
OP,312700.9346,214915.8879,247682.243,,,,,
OP,12228.74863,8403.137541,9677.489967,,,,,
OP,797.3558082,554.400426,625.2054921,,,,,
OP,75874.44934,52755.50661,59493.39207,,,,,
OP,107330.2181,74616.82243,84168.2243,,,,,
OP,9988.712012,6943.270622,7828.94356,,,,,
OP,124588.4477,86613.71841,97649.81949,,,,,
OP,140865.3061,97930.61224,110412.2449,,,,,
OP,217088.0503,150899.3711,170157.2327,,,,,
OP,83810.67961,58235.43689,65677.18447,,,,,
OP,185720.4301,129005.3763,145483.871,,,,,
OP,15658.51449,10871.82971,12274.90942,,,,,
OP,52889.90826,36704.89297,41449.54128,,,,,
OP,1995.488292,1392.23301,1574.071959,,,,,
OP,20334.49477,14171.89315,16016.26016,,,,,
OP,79097.06546,55110.60948,62264.10835,,,,,
OP,44265.15152,30853.53535,34845.9596,,,,,
OP,50309.89957,35071.73601,39598.27834,,,,,
OP,49965.81197,34824.78632,39374.64387,,,,,
OP,52430.49327,36545.59043,41318.38565,,,,,
OP,70322.64529,49000,55394.78958,,,,,
OP,28204.01606,19648.19277,22219.27711,,,,,
OP,47667.57123,33195.3867,37549.5251,,,,,
OP,337817.3077,235259.6154,266096.1538,,,,,
OP,185888.8889,129455.0265,146423.2804,,,,,
OP,34607.28346,24081.69291,27257.87402,,,,,
OP,113435.4839,78925.80645,89341.93548,,,,,
OP,39064.37292,27157.60266,30758.04661,,,,,
OP,7918.550011,5483.329604,6220.183486,,,,,
OP,8004.283138,5535.166817,6276.149684,,,,,
OP,3224.977698,2210.347904,2493.933988,,,,,
OP,50325.45202,34479.8331,38884.56189,,,,,
OP,26611.31521,18240.99927,20556.20867,,,,,
OP,71157.17092,48774.0668,54978.389,,,,,
OP,69275.33461,47470.36329,53520.07648,,,,,
OP,103813.7536,71137.53582,80266.47564,,,,,
OP,81603.6036,55925.67568,63114.86486,,,,,
OP,29872.3229,20476.93575,23096.37562,,,,,
OP,74781.4433,51270.10309,57824.74227,,,,,
OP,47494.7644,32561.51832,36722.51309,,,,,
OP,68616.25709,47045.36862,53041.5879,,,,,
OP,56729.6875,38887.5,43856.25,,,,,
OP,58871.9611,40376.01297,45494.32739,,,,,
OP,26727.20588,18320.58824,20660.29412,,,,,
OP,104485.6322,71597.70115,80750,,,,,
OP,101025,69213.88889,78072.22222,,,,,
OP,28695.5836,19658.51735,22179.02208,,,,,
OP,28042.34026,19210.93149,21652.04003,,,,,
OP,39175.26882,26834.4086,30248.3871,,,,,
SP,47033.54839,32210.32258,36307.09677,,,,,
SP,18949.09091,12990.64935,14626.49351,,,,,
SP,17216.67452,11791.80405,13281.20584,,,,,
SP,66641.16576,45619.30783,51366.12022,,,,,
SP,7804.836657,5330.717013,6008.909631,,,,,
SP,34219.12721,23349.11792,26337.97586,,,,,
SP,46403.77358,31647.79874,35689.30818,,,,,
SP,33528.13067,22839.38294,25755.89837,,,,,
SP,26383.73752,17963.6234,20315.26391,,,,,
SP,28340.21407,19272.17125,21785.93272,,,,,
SP,39486.17021,26837.23404,30329.78723,,,,,
SP,12997.90649,8821.702722,9968.597348,,,,,
SP,37260.73926,25264.73526,28553.44655,,,,,
SP,17452.84781,11824.92997,13359.94398,,,,,
SP,27257.82957,18482.8842,20846.32192,,,,,
SP,3595.81382,2430.182548,2739.462869,,,,,
SP,33854.44744,22872.41689,25761.00629,,,,,
SP,22523.26969,15201.67064,17119.9284,,,,,
SP,15116.30695,10194.2446,11477.21823,,,,,
SP,32228.08511,21723.40426,24463.82979,,,,,
SP,22446.418,15132.03079,17026.05092,,,,,
SP,25343.79172,17073.43124,19211.61549,,,,,
SP,12587.57436,8466.292135,9529.081295,,,,,
SP,216448.8636,145590.9091,163857.9545,,,,,
SP,48259.49367,32462.02532,36515.18987,,,,,
SP,26374.30939,17723.0663,19929.55801,,,,,
SP,14862.63097,9977.105161,11209.15794,,,,,
SP,94157.24816,63179.36118,70990.17199,,,,,
SP,17316.50135,11606.40216,13030.20739,,,,,
SP,43055.99104,28849.94401,32380.73908,,,,,
SP,8580.480213,5737.883504,6442.641174,,,,,
SP,34643.94619,23160.53812,25996.41256,,,,,
SP,98568.87755,65882.65306,73969.38776,,,,,
SP,6084.326019,4060.344828,4551.880878,,,,,
SP,54690.14085,36494.3662,40918.30986,,,,,
SP,28522.37711,19030.0807,21331.62142,,,,,
SP,13344.98116,8904.419322,9980.130182,,,,,
SP,10681.15942,7116.488925,7981.95242,,,,,
SP,44784.65063,29820.16037,33443.29897,,,,,
SP,41488.86532,27613.99788,30970.30753,,,,,
SP,113426.087,75492.75362,84655.07246,,,,,
SP,50700.7772,33739.63731,37841.96891,,,,,
SP,11610.10937,7719.479752,8663.316583,,,,,
SP,18688.00379,12402.0863,13908.48743,,,,,
SP,8178.910442,5412.505159,6059.636814,,,,,
SP,34677.44755,22942.30769,25683.56643,,,,,
SP,24306.42202,16061.7737,18002.44648,,,,,
SP,34707.67888,22922.33857,25688.48168,,,,,
SP,39442.0218,26041.62537,29205.15362,,,,,
SP,26994.58362,17811.10359,19970.20988,,,,,
SP,43381.52174,28604.34783,32066.30435,,,,,
SP,50569.62025,33329.11392,37355.6962,,,,,
SP,36275.86207,23905.62613,26789.47368,,,,,
SP,31334.6395,20650.47022,23141.84953,,,,,
SP,26311.22784,17315.82403,19396.58569,,,,,
SP,7951.397088,5199.527745,5820.149547,,,,,
SP,34390.82413,22463.04163,25140.18692,,,,,
SP,34154.30017,22318.71838,24954.4688,,,,,
SP,39378.64078,25711.65049,28738.83495,,,,,
SP,12589.85462,8209.403031,9168.26477,,,,,
SP,40951.75879,26688.44221,29793.96985,,,,,
SP,28052.88462,18266.48352,20368.81868,,,,,
SP,26512.97017,17279.50713,19240.59663,,,,,
SP,15432.81897,10053.06737,11174.63304,,,,,
SP,26695.70871,17375.16255,19308.84265,,,,,
SP,85560.41667,55677.08333,61910.41667,,,,,
SP,4302.071406,2796.606641,3108.774852,,,,,
SP,40922.84866,26585.55885,29556.87438,,,,,
SP,29975.39797,19469.60926,21630.96961,,,,,
SP,45811.04972,29754.69613,33043.09392,,,,,
SP,131262.6582,85265.82278,94636.07595,,,,,
SP,46393.29609,30146.36872,33421.22905,,,,,
SP,73532.74336,47775.22124,52953.9823,,,,,
SP,132769.9681,86252.39617,95597.44409,,,,,
SP,10859.89583,7039.0625,7829.6875,,,,,
SP,159187.0229,103190.8397,114770.9924,,,,,
SP,32753.72549,21218.82353,23602.35294,,,,,
SP,63902.14067,41391.43731,46024.46483,,,,,
SP,150359.7122,97381.29496,108287.7698,,,,,
SP,18220.53067,11801.21792,13112.65768,,,,,
SP,33552.35811,21705.83533,24136.69065,,,,,
SP,96972.28637,62720.55427,69778.29099,,,,,
SP,111126.9841,71862.43386,79947.08995,,,,,
SP,251592.8144,162664.6707,180964.0719,,,,,
SP,39036.2117,25232.12628,28065.92386,,,,,
SP,128590.2141,83125.38226,92452.59939,,,,,
SP,27192.50646,17575.5814,19566.53747,,,,,
SP,30723.55945,19857.76805,22093.36251,,,,,
SP,24653.5986,15939.1457,17766.53013,,,,,
SP,37463.58792,24209.59147,26976.90941,,,,,
SP,21826.01962,14087.24832,15695.40527,,,,,
SP,17361.77194,11197.29286,12486.87449,,,,,
SP,33650.51628,21690.23034,24188.24464,,,,,
SP,48854.83871,31478.1106,35093.31797,,,,,
SP,25082.69344,16161.84288,17998.81867,,,,,
SP,13312.20731,8551.045894,9529.191383,,,,,
SP,193827.2727,124531.8182,138750,,,,,
SP,100369.4118,64512.94118,71835.29412,,,,,
SP,51376.65463,33010.83032,36741.27557,,,,,
SP,45873.25456,29472.6101,32801.28894,,,,,
SP,96211.71171,61824.32432,68799.54955,,,,,
SP,9202.148228,5913.641246,6566.487648,,,,,
SP,50080.60748,32163.5514,35717.28972,,,,,
SP,26867.33417,17267.20901,19149.56195,,,,,
SP,52970.40691,34035.75832,37736.12824,,,,,
SP,22723.1907,14595.35129,16174.85473,,,,,
SP,28381.42292,18216.73254,20193.01713,,,,,
SP,19587.94198,12569.80961,13915.23119,,,,,
SP,31440.40698,20167.87791,22323.40116,,,,,
SP,17659.74766,11301.9943,12518.92552,,,,,
SP,115454.7872,73861.70213,81821.80851,,,,,
SP,22461.73733,14376.93899,15918.8211,,,,,
SP,39008.97666,24965.88869,27640.93357,,,,,
SP,20657.49526,13223.43454,14623.81404,,,,,
SP,71532.0197,45791.46141,50628.89984,,,,,
SP,20593.76476,13183.75059,14570.6188,,,,,
SP,16510.9434,10550.18868,11654.71698,,,,,
SP,32802.39521,20940.11976,23126.49701,,,,,
SP,5309.678194,3387.127762,3765.970221,,,,,
SP,45807.45342,29217.3913,32479.29607,,,,,
SP,36989.14858,23587.64608,26193.65609,,,,,
SP,30290.10239,19298.29352,21425.25597,,,,,
SP,34641.46532,22064.69213,24472.33048,,,,,
SP,93637.89474,59606.31579,66107.36842,,,,,
SP,20771.09557,13211.18881,14665.73427,,,,,
SP,34911.58059,22194.83568,24623.63067,,,,,
SP,72485.38961,46068.18182,51099.02597,,,,,
SP,31330.06307,19898.38823,22064.47092,,,,,
SP,25646.04811,16281.2142,18042.95533,,,,,
SP,71222.57552,45198.72814,50098.56916,,,,,
SP,46373.31954,29417.78697,32601.86143,,,,,
SP,43329.15058,27470.07722,30441.11969,,,,,
SP,49369.23077,31304.3956,34667.03297,,,,,
SP,9300.186066,5892.702088,6528.426711,,,,,
SP,37164.19142,23556.93069,26064.35644,,,,,
SP,26089.01734,16523.12139,18278.61272,,,,,
SP,7857.686322,4964.897112,5479.681826,,,,,
SP,28215.88089,17829.40447,19666.2531,,,,,
SP,27541.38973,17398.79154,19160.12085,,,,,
SP,94779.62578,59896.0499,65931.39293,,,,,
SP,21393.25843,13511.70412,14857.6779,,,,,
SP,32684.28571,20635,22720,,,,,
SP,12637.56541,7965.298816,8771.412834,,,,,
SP,50905.76497,32083.14856,35328.15965,,,,,
SP,290626.5823,183158.2278,201721.519,,,,,
SP,27417.16329,17262.21692,19002.38379,,,,,
SP,123048.1283,77475.93583,85291.44385,,,,,
SP,18674.08907,11759.91903,12933.19838,,,,,
SP,11487.69575,7233.407905,7954.511559,,,,,
SP,50223.66992,31605.86319,34756.7861,,,,,
SP,34696.62921,21829.21348,23986.51685,,,,,
SP,57719.80075,36310.08717,39896.63761,,,,,
SP,17580.0227,11037.45743,12138.479,,,,,
SP,48662.13389,30530.33473,33574.26778,,,,,
SP,37801.94805,23719.96753,26061.68831,,,,,
SP,79939.96569,50137.22127,55077.18696,,,,,
SP,26532.68903,16636.15691,18263.21774,,,,,
SP,22611.40648,14154.66409,15540.35766,,,,,
SP,61013.03781,38192.95958,41936.11473,,,,,
SP,19562.36963,12241.13475,13424.28035,,,,,
SP,38433.25143,24049.95905,26361.17936,,,,,
SP,67262.17765,42087.39255,46116.04585,,,,,
SP,63399.46019,39674.76383,43448.04318,,,,,
SP,70070.04471,43847.98808,47986.58718,,,,,
SP,41285.08772,25822.80702,28249.12281,,,,,
SP,29180.18576,18241.48607,19947.98762,,,,,
SP,29209.77723,18249.38119,19949.25743,,,,,
SP,50142.25053,31318.47134,34233.54565,,,,,
SP,61376.62338,38340.25974,41888.31169,,,,,
SP,34946.82422,21829.39439,23829.39439,,,,,
SP,31936.65768,19933.96226,21754.04313,,,,,
SP,49297.2973,30761.95426,33566.52807,,,,,
SP,79106.66667,49338.33333,53823.33333,,,,,
SP,61065.5527,38075.83548,41520.56555,,,,,
SP,31273.50427,19494.41157,21255.09533,,,,,
SP,54959.5843,34259.81524,37332.56351,,,,,
SP,18690.95182,11649.43204,12667.05836,,,,,
SP,44363.974,27617.4559,30033.42618,,,,,
SP,44286.11111,27550.92593,29952.77778,,,,,
SP,42261.25331,26286.84907,28560.45896,,,,,
SP,23395.41687,14531.93564,15815.21209,,,,,
SP,6915.557464,4276.942894,4667.096035,,,,,
SP,80841.13712,49981.60535,54541.80602,,,,,
SP,62252.25225,38486.48649,41987.12999,,,,,
SP,28440.3993,17574.28068,19167.35173,,,,,
SP,22972.07761,14184.09844,15458.58968,,,,,
SP,40668.61925,25115.48117,27343.09623,,,,,
SP,61964.33121,38247.13376,41630.57325,,,,,
SP,49569.24644,30584.52138,33282.07739,,,,,
SP,42813.70826,26411.2478,28731.98594,,,,,
SP,54757.30337,33785.39326,36741.57303,,,,,
SP,49996.92623,30831.96721,33524.59016,,,,,
SP,80557.75578,49674.91749,53998.34983,,,,,
SP,35439.13043,21834.78261,23724.63768,,,,,
SP,31198.85277,19210.32505,20869.98088,,,,,
SP,19556.79554,12027.89956,13062.57473,,,,,
SP,34949.50213,21477.2404,23322.90185,,,,,
SP,10837.58803,6666.373239,7228.873239,,,,,
SP,39898.78543,24555.46559,26613.76518,,,,,
SP,34531.14066,21247.72568,23012.59622,,,,,