cocoa,beans,42
fossil,record,38
living,forms,34
fossil,records,34
blood,pressure,26
sand,dunes,25
life,patterns,25
museum,reconstructions,25
fiction,stories,25
sense,alternative,25
science,fiction,25
world,ancestral,25
male,snakes,24
male,lab,24
career,opportunities,24
baby,bottles,24
lab,techs,24
research,fellowship,24
womenmy,generationfor,24
sitting,room,24
television,sets,24
manor,house,24
sheer,effort,23
rock,weaker,23
negative,mould,23
changes,hosts,22
host,cells,22
sex,partners,22
cohort,studies,22
virus,load,22
virus,reproduction,22
beetle,collecting,21
intervening,years,21
benevolent,deity,21
rain,forest,21
living,nature,21
life,upward,21
divine,design,21
divine,ends,21
theology,student,21
lattice,structure,20
pi,ln,20
living,beings,20
equilibrium,positions,20
unit,equals,20
concept,equivalent,20
entropy,concept,20
acid,molecules,20
entropy,change,20
vice,versa,20
ln,pi,20
probability,numbers,20
entropy,unit,20
scaling,factors,20
information,concept,20
rain,forests,20
information,change,20
conservation,law,20
entropy,rises,20
quack,remedies,19
collagen,changes,19
skin,cancers,19
family,members,19
age,fifty,19
age,spots,19
pigment,melanin,19
oil,glands,19
mass,decrease,19
aging,process,19
muscle,mass,19
baboon,model,18
sex,life,18
tool,use,18
partner,combination,18
living,model,18
savanna,baboon,18
male,chimpanzee,18
primate,tree,18
power,politics,18
primate,species,18
species,share,18
sign,language,18
reproduction,sounds,18
group,members,18
methods,work,17
extinction,hypotheses,17
rock,record,17
extinction,hypothesis,17
impact,hypothesis,17
dinosaur,extinctions,17
evidence,present,17
acacia,trees,16
temperate,zone,16
prevailing,cold,16
turf,fight,16
living,matter,16
trophic,pyramid,16
food,chain,16
cave,bear,16
plant,eaters,15
woodland,appear,15
fever,tree,15
salt,pans,15
thorny,acacia,15
growth,dynamics,15
protein,content,15
wetter,regions,15
easternmost,expression,15
drier,regions,15
acacia,scrublands,15
scrubland,ideal,15
limiting,factor,15
Cocoa,beans,14
cocoa,fat,14
chocolate,candy,14
cocoa,pods,14
world,production,14
xocalatl,meaning,14
fermentation,stage,14
cacoa,tree,14
chocolate,contains,14
cocoa,tree,14
fishlike,smell,14
ruling,elite,14
word,xocalatl,14
moist,climates,14
carbon,dioxide,14
pure,state,14
population,pressure,13
world,viewideas,13
transmutation,hypothesis,13
Selection,implies,13
master,metaphor,13
left,lung,12
serpents,resembles,12
mammal-like,apparatus,12
air,storage,12
hind,limbs,12
pelvic,girdles,12
surface,channel,12
turn,empties,12
blood,sinuses,12
muscle,action,12
recovery,time,12
basal,snakes,12
retractor,muscle,12
storage,area,12
sulcus,spermaticus,12
body,cavity,12
squamate,arrangement,12
squamate,hemipenis,12
lab,coats,11
subadult,male,11
bridge-forming,mother,11
bridge,users,11
yearling,frozen,11
subadult,son,11
bridge,makers,11
departure,call,11
fig,tree,11
mother,empathize,11
bridge,maker,11
ground,level,10
life,span,10
genomes,today,10
sex,education,9
press,conference,9
spoke,volumes,9
male,primates,9
prenatal,care,9
generation,take,9
blood,vessels,9
abortion,derive,9
abortion,debate,9
birth,control,9
abortion,issue,9
death,approaches,8
process,acts,8
tiniest,products,8
land,animals,8
marine,mammals,8
creation,motif,7
civilization,degenerating,7
life,cycle,7
sea,salt,6
winter,air,6
cod,markets,6
twentieth-century,refrigerator,6
gentler,land,6
woodlike,plank,6
mate,choice,6
humid,weather,6
cliff,edges,5
telephoto,cameras,5
temperate,bias,5
data,collection,5
forest,canopy,5
study,species,5
eye,level,5
spelunking,club,5
photosynthesis,measurements,5
timber,species,5
foremost,proponent,4
fossil,hominids,4
incisor,teeth,4
humanlike,hominids,4
erectus,population,4
speech,deficiencies,4
erectus,populations,4
gene,flow,4
human,attributes,4
living,creatures,3
skinbright,crimson,3
cosmopolitan,jacanas,3
speciesand,ours,3
cranes,lack,3
trailing,plumes,3
hind,toe,3
closest,relatives,3
flight,display,3
perching,habit,3
wingthe,tertials,3
cranes,share,3
inner,wingthe,3
pair,bonding,3
rattling,movement,2
selection,suffices,2
intelligent,force,2
iridescent,blue,2
paralyzing,illness,1
living,cells,1
antituberculosis,drugs,1
sulphonamide,prototype,1
drug,treatments,1
health,officials,1
